Workbook

Sheet Charts
A1: DBA Operations Dashboard Charts
A2: All charts auto-update from data sheets. Last Updated: | B2: =NOW() -> 46227.379
A100: Severity | B100: Count | D100: Status | E100: Count
A101: Critical | B101: =IF(Dashboard!$B$2="All Databases",COUNTIFS('Incident Register'!$G:$G,"Critical"),COUNTIFS('Incident Register'!$G:$G,"Critical",'Incident Register'!$L:$L,Dashboard!$B$2)) -> 2 | D101: Success | E101: =IF(Dashboard!$B$2="All Databases",COUNTIFS('Backup & Recovery'!A:A,"Backup",'Backup & Recovery'!K:K,"Success"),COUNTIFS('Backup & Recovery'!A:A,"Backup",'Backup & Recovery'!K:K,"Success",'Backup & Recovery'!B:B,Dashboard!$B$2)) -> 0
A102: High | B102: =IF(Dashboard!$B$2="All Databases",COUNTIFS('Incident Register'!$G:$G,"High"),COUNTIFS('Incident Register'!$G:$G,"High",'Incident Register'!$L:$L,Dashboard!$B$2)) -> 3 | D102: Failed | E102: =IF(Dashboard!$B$2="All Databases",COUNTIFS('Backup & Recovery'!A:A,"Backup",'Backup & Recovery'!K:K,"Failed"),COUNTIFS('Backup & Recovery'!A:A,"Backup",'Backup & Recovery'!K:K,"Failed",'Backup & Recovery'!B:B,Dashboard!$B$2)) -> 0
A103: Medium | B103: =IF(Dashboard!$B$2="All Databases",COUNTIFS('Incident Register'!$G:$G,"Medium"),COUNTIFS('Incident Register'!$G:$G,"Medium",'Incident Register'!$L:$L,Dashboard!$B$2)) -> 2 | D103: Running | E103: =IF(Dashboard!$B$2="All Databases",COUNTIFS('Backup & Recovery'!A:A,"Backup",'Backup & Recovery'!K:K,"Running"),COUNTIFS('Backup & Recovery'!A:A,"Backup",'Backup & Recovery'!K:K,"Running",'Backup & Recovery'!B:B,Dashboard!$B$2)) -> 0
A104: Low | B104: =IF(Dashboard!$B$2="All Databases",COUNTIFS('Incident Register'!$G:$G,"Low"),COUNTIFS('Incident Register'!$G:$G,"Low",'Incident Register'!$L:$L,Dashboard!$B$2)) -> 1
A107: Server Resource Utilization (by Database)
A108: Database | B108: CPU % | C108: Memory % | D108: Disk %
A109: Oracle | B109: =IF(OR(Dashboard!$B$2="All Databases",Dashboard!$B$2="Oracle"),IFERROR(INDEX('Server Health'!$C:$C,MATCH("Oracle",'Server Health'!$L:$L,0)),0),0) -> 0 | C109: =IF(OR(Dashboard!$B$2="All Databases",Dashboard!$B$2="Oracle"),IFERROR(INDEX('Server Health'!$D:$D,MATCH("Oracle",'Server Health'!$L:$L,0)),0),0) -> 0 | D109: =IF(OR(Dashboard!$B$2="All Databases",Dashboard!$B$2="Oracle"),IFERROR(INDEX('Server Health'!$E:$E,MATCH("Oracle",'Server Health'!$L:$L,0)),0),0) -> 0
A110: MySQL | B110: =IF(OR(Dashboard!$B$2="All Databases",Dashboard!$B$2="MySQL"),IFERROR(INDEX('Server Health'!$C:$C,MATCH("MySQL",'Server Health'!$L:$L,0)),0),0) -> 42 | C110: =IF(OR(Dashboard!$B$2="All Databases",Dashboard!$B$2="MySQL"),IFERROR(INDEX('Server Health'!$D:$D,MATCH("MySQL",'Server Health'!$L:$L,0)),0),0) -> 81.59 | D110: =IF(OR(Dashboard!$B$2="All Databases",Dashboard!$B$2="MySQL"),IFERROR(INDEX('Server Health'!$E:$E,MATCH("MySQL",'Server Health'!$L:$L,0)),0),0) -> 20
A111: MS SQL Server | B111: =IF(OR(Dashboard!$B$2="All Databases",Dashboard!$B$2="MS SQL Server"),IFERROR(INDEX('Server Health'!$C:$C,MATCH("MS SQL Server",'Server Health'!$L:$L,0)),0),0) -> 0 | C111: =IF(OR(Dashboard!$B$2="All Databases",Dashboard!$B$2="MS SQL Server"),IFERROR(INDEX('Server Health'!$D:$D,MATCH("MS SQL Server",'Server Health'!$L:$L,0)),0),0) -> 0 | D111: =IF(OR(Dashboard!$B$2="All Databases",Dashboard!$B$2="MS SQL Server"),IFERROR(INDEX('Server Health'!$E:$E,MATCH("MS SQL Server",'Server Health'!$L:$L,0)),0),0) -> 0
A112: PostgreSQL | B112: =IF(OR(Dashboard!$B$2="All Databases",Dashboard!$B$2="PostgreSQL"),IFERROR(INDEX('Server Health'!$C:$C,MATCH("PostgreSQL",'Server Health'!$L:$L,0)),0),0) -> 0 | C112: =IF(OR(Dashboard!$B$2="All Databases",Dashboard!$B$2="PostgreSQL"),IFERROR(INDEX('Server Health'!$D:$D,MATCH("PostgreSQL",'Server Health'!$L:$L,0)),0),0) -> 0 | D112: =IF(OR([1]Dashboard!$B$2="All Databases",[1]Dashboard!$B$2="PostgreSQL"),IFERROR(INDEX('[1]Server Health'!$E:$E,MATCH("PostgreSQL",'[1]Server Health'!$L:$L,0)),0),0) -> 0
A119: Current Month Availability | E119: =Dashboard!$B$2&" - Current Month Availability vs SLA Target" -> All Databases - Current Month Availability vs SLA Target
A120: Database | B120: Availability % | C120: SLA Target % | E120: =Dashboard!$B$2&" - Incidents by Severity" -> All Databases - Incidents by Severity
A121: Oracle | B121: =IF(OR(Dashboard!$B$2="All Databases",Dashboard!$B$2="Oracle"),IFERROR(AVERAGEIFS('Availability Calculator'!$H:$H,'Availability Calculator'!$B:$B,"Oracle",'Availability Calculator'!$A:$A,TEXT(TODAY(),"YYYY-MM")),0),0) -> 99.328 | C121: =IFERROR(AVERAGEIFS('Availability Calculator'!$I:$I,'Availability Calculator'!$B:$B,"Oracle",'Availability Calculator'!$A:$A,TEXT(TODAY(),"YYYY-MM")),0) -> 99.9 | E121: =Dashboard!$B$2&" - Server Resource Utilization" -> All Databases - Server Resource Utilization
A122: MySQL | B122: =IF(OR(Dashboard!$B$2="All Databases",Dashboard!$B$2="MySQL"),IFERROR(AVERAGEIFS('Availability Calculator'!$H:$H,'Availability Calculator'!$B:$B,"MySQL",'Availability Calculator'!$A:$A,TEXT(TODAY(),"YYYY-MM")),0),0) -> 99.2981 | C122: =IFERROR(AVERAGEIFS('Availability Calculator'!$I:$I,'Availability Calculator'!$B:$B,"MySQL",'Availability Calculator'!$A:$A,TEXT(TODAY(),"YYYY-MM")),0) -> 99.9 | E122: =Dashboard!$B$2&" - Backup Status" -> All Databases - Backup Status
A123: MS SQL Server | B123: =IF(OR(Dashboard!$B$2="All Databases",Dashboard!$B$2="MS SQL Server"),IFERROR(AVERAGEIFS('Availability Calculator'!$H:$H,'Availability Calculator'!$B:$B,"MS SQL Server",'Availability Calculator'!$A:$A,TEXT(TODAY(),"YYYY-MM")),0),0) -> 0 | C123: =IFERROR(AVERAGEIFS('Availability Calculator'!$I:$I,'Availability Calculator'!$B:$B,"MS SQL Server",'Availability Calculator'!$A:$A,TEXT(TODAY(),"YYYY-MM")),0) -> 0 | E123: =Dashboard!$B$2&" - Replication Lag" -> All Databases - Replication Lag
A124: PostgreSQL | B124: =IF(OR(Dashboard!$B$2="All Databases",Dashboard!$B$2="MS SQL Server"),IFERROR(AVERAGEIFS('Availability Calculator'!$H:$H,'Availability Calculator'!$B:$B,"PostgreSQL",'Availability Calculator'!$A:$A,TEXT(TODAY(),"YYYY-MM")),0),0) -> 0 | C124: =IFERROR(AVERAGEIFS('Availability Calculator'!$I:$I,'Availability Calculator'!$B:$B,"PostgreSQL",'Availability Calculator'!$A:$A,TEXT(TODAY(),"YYYY-MM")),0) -> 0
A126: Monthly Availability Trend (Jan - Dec) | F126: =[1]Dashboard!$B$2&" - Monthly Availability Trend" -> All Databases - Monthly Availability Trend
A127: Month | B127: Jan | C127: Feb | D127: Mar | E127: Apr | F127: May | G127: Jun | H127: Jul | I127: Aug | J127: Sep | K127: Oct | L127: Nov | M127: Dec
A128: Availability % | B128: =IFERROR(IF(Dashboard!$B$2="All Databases",AVERAGEIFS('Availability Calculator'!$H:$H,'Availability Calculator'!$A:$A,TEXT(DATE(YEAR(TODAY()),1,1),"YYYY-MM")),AVERAGEIFS('Availability Calculator'!$H:$H,'Availability Calculator'!$A:$A,TEXT(DATE(YEAR(TODAY()),1,1),"YYYY-MM"),'Availability Calculator'!$B:$B,Dashboard!$B$2)),"No Data") -> No Data | C128: =IFERROR(IF(Dashboard!$B$2="All Databases",AVERAGEIFS('Availability Calculator'!$H:$H,'Availability Calculator'!$A:$A,TEXT(DATE(YEAR(TODAY()),1,1),"YYYY-MM")),AVERAGEIFS('Availability Calculator'!$H:$H,'Availability Calculator'!$A:$A,TEXT(DATE(YEAR(TODAY()),1,1),"YYYY-MM"),'Availability Calculator'!$B:$B,Dashboard!$B$2)),"No Data") -> No Data | D128: =IFERROR(IF(Dashboard!$B$2="All Databases",AVERAGEIFS('Availability Calculator'!$H:$H,'Availability Calculator'!$A:$A,TEXT(DATE(YEAR(TODAY()),1,1),"YYYY-MM")),AVERAGEIFS('Availability Calculator'!$H:$H,'Availability Calculator'!$A:$A,TEXT(DATE(YEAR(TODAY()),1,1),"YYYY-MM"),'Availability Calculator'!$B:$B,Dashboard!$B$2)),"No Data") -> No Data | E128: =IFERROR(IF(Dashboard!$B$2="All Databases",AVERAGEIFS('Availability Calculator'!$H:$H,'Availability Calculator'!$A:$A,TEXT(DATE(YEAR(TODAY()),1,1),"YYYY-MM")),AVERAGEIFS('Availability Calculator'!$H:$H,'Availability Calculator'!$A:$A,TEXT(DATE(YEAR(TODAY()),1,1),"YYYY-MM"),'Availability Calculator'!$B:$B,Dashboard!$B$2)),"No Data") -> No Data | F128: =IFERROR(IF(Dashboard!$B$2="All Databases",AVERAGEIFS('Availability Calculator'!$H:$H,'Availability Calculator'!$A:$A,TEXT(DATE(YEAR(TODAY()),1,1),"YYYY-MM")),AVERAGEIFS('Availability Calculator'!$H:$H,'Availability Calculator'!$A:$A,TEXT(DATE(YEAR(TODAY()),1,1),"YYYY-MM"),'Availability Calculator'!$B:$B,Dashboard!$B$2)),"No Data") -> No Data | G128: =IFERROR(IF(Dashboard!$B$2="All Databases",AVERAGEIFS('Availability Calculator'!$H:$H,'Availability Calculator'!$A:$A,TEXT(DATE(YEAR(TODAY()),1,1),"YYYY-MM")),AVERAGEIFS('Availability Calculator'!$H:$H,'Availability Calculator'!$A:$A,TEXT(DATE(YEAR(TODAY()),1,1),"YYYY-MM"),'Availability Calculator'!$B:$B,Dashboard!$B$2)),"No Data") -> No Data | H128: =IFERROR(IF(Dashboard!$B$2="All Databases",AVERAGEIFS('Availability Calculator'!$H:$H,'Availability Calculator'!$A:$A,TEXT(DATE(YEAR(TODAY()),1,1),"YYYY-MM")),AVERAGEIFS('Availability Calculator'!$H:$H,'Availability Calculator'!$A:$A,TEXT(DATE(YEAR(TODAY()),1,1),"YYYY-MM"),'Availability Calculator'!$B:$B,Dashboard!$B$2)),"No Data") -> No Data | I128: =IFERROR(IF(Dashboard!$B$2="All Databases",AVERAGEIFS('Availability Calculator'!$H:$H,'Availability Calculator'!$A:$A,TEXT(DATE(YEAR(TODAY()),1,1),"YYYY-MM")),AVERAGEIFS('Availability Calculator'!$H:$H,'Availability Calculator'!$A:$A,TEXT(DATE(YEAR(TODAY()),1,1),"YYYY-MM"),'Availability Calculator'!$B:$B,Dashboard!$B$2)),"No Data") -> No Data | ... M128: =IFERROR(IF(Dashboard!$B$2="All Databases",AVERAGEIFS('Availability Calculator'!$H:$H,'Availability Calculator'!$A:$A,TEXT(DATE(YEAR(TODAY()),1,1),"YYYY-MM")),AVERAGEIFS('Availability Calculator'!$H:$H,'Availability Calculator'!$A:$A,TEXT(DATE(YEAR(TODAY()),1,1),"YYYY-MM"),'Availability Calculator'!$B:$B,Dashboard!$B$2)),"No Data") -> No Data
A129: SLA Target % | B129: =IFERROR(IF(Dashboard!$B$2="All Databases",AVERAGEIFS('Availability Calculator'!$I:$I,'Availability Calculator'!$A:$A,TEXT(DATE(YEAR(TODAY()),1,1),"YYYY-MM")),AVERAGEIFS('Availability Calculator'!$I:$I,'Availability Calculator'!$A:$A,TEXT(DATE(YEAR(TODAY()),1,1),"YYYY-MM"),'Availability Calculator'!$B:$B,Dashboard!$B$2)),"No Data") -> No Data | C129: =IFERROR(IF(Dashboard!$B$2="All Databases",AVERAGEIFS('Availability Calculator'!$I:$I,'Availability Calculator'!$A:$A,TEXT(DATE(YEAR(TODAY()),1,1),"YYYY-MM")),AVERAGEIFS('Availability Calculator'!$I:$I,'Availability Calculator'!$A:$A,TEXT(DATE(YEAR(TODAY()),1,1),"YYYY-MM"),'Availability Calculator'!$B:$B,Dashboard!$B$2)),"No Data") -> No Data | D129: =IFERROR(IF(Dashboard!$B$2="All Databases",AVERAGEIFS('Availability Calculator'!$I:$I,'Availability Calculator'!$A:$A,TEXT(DATE(YEAR(TODAY()),1,1),"YYYY-MM")),AVERAGEIFS('Availability Calculator'!$I:$I,'Availability Calculator'!$A:$A,TEXT(DATE(YEAR(TODAY()),1,1),"YYYY-MM"),'Availability Calculator'!$B:$B,Dashboard!$B$2)),"No Data") -> No Data | E129: =IFERROR(IF(Dashboard!$B$2="All Databases",AVERAGEIFS('Availability Calculator'!$I:$I,'Availability Calculator'!$A:$A,TEXT(DATE(YEAR(TODAY()),1,1),"YYYY-MM")),AVERAGEIFS('Availability Calculator'!$I:$I,'Availability Calculator'!$A:$A,TEXT(DATE(YEAR(TODAY()),1,1),"YYYY-MM"),'Availability Calculator'!$B:$B,Dashboard!$B$2)),"No Data") -> No Data | F129: =IFERROR(IF(Dashboard!$B$2="All Databases",AVERAGEIFS('Availability Calculator'!$I:$I,'Availability Calculator'!$A:$A,TEXT(DATE(YEAR(TODAY()),1,1),"YYYY-MM")),AVERAGEIFS('Availability Calculator'!$I:$I,'Availability Calculator'!$A:$A,TEXT(DATE(YEAR(TODAY()),1,1),"YYYY-MM"),'Availability Calculator'!$B:$B,Dashboard!$B$2)),"No Data") -> No Data | G129: =IFERROR(IF(Dashboard!$B$2="All Databases",AVERAGEIFS('Availability Calculator'!$I:$I,'Availability Calculator'!$A:$A,TEXT(DATE(YEAR(TODAY()),1,1),"YYYY-MM")),AVERAGEIFS('Availability Calculator'!$I:$I,'Availability Calculator'!$A:$A,TEXT(DATE(YEAR(TODAY()),1,1),"YYYY-MM"),'Availability Calculator'!$B:$B,Dashboard!$B$2)),"No Data") -> No Data | H129: =IFERROR(IF(Dashboard!$B$2="All Databases",AVERAGEIFS('Availability Calculator'!$I:$I,'Availability Calculator'!$A:$A,TEXT(DATE(YEAR(TODAY()),1,1),"YYYY-MM")),AVERAGEIFS('Availability Calculator'!$I:$I,'Availability Calculator'!$A:$A,TEXT(DATE(YEAR(TODAY()),1,1),"YYYY-MM"),'Availability Calculator'!$B:$B,Dashboard!$B$2)),"No Data") -> No Data | I129: =IFERROR(IF(Dashboard!$B$2="All Databases",AVERAGEIFS('Availability Calculator'!$I:$I,'Availability Calculator'!$A:$A,TEXT(DATE(YEAR(TODAY()),1,1),"YYYY-MM")),AVERAGEIFS('Availability Calculator'!$I:$I,'Availability Calculator'!$A:$A,TEXT(DATE(YEAR(TODAY()),1,1),"YYYY-MM"),'Availability Calculator'!$B:$B,Dashboard!$B$2)),"No Data") -> No Data | ... M129: =IFERROR(IF(Dashboard!$B$2="All Databases",AVERAGEIFS('Availability Calculator'!$I:$I,'Availability Calculator'!$A:$A,TEXT(DATE(YEAR(TODAY()),1,1),"YYYY-MM")),AVERAGEIFS('Availability Calculator'!$I:$I,'Availability Calculator'!$A:$A,TEXT(DATE(YEAR(TODAY()),1,1),"YYYY-MM"),'Availability Calculator'!$B:$B,Dashboard!$B$2)),"No Data") -> No Data

Sheet Dashboard
A1: Dashboard
A2: Select Database: | B2: All Databases | D2: =IFERROR("Reporting Month: "&TEXT(TODAY(),"MMMM YYYY"),"") -> Reporting Month: July 2026
A4: Side-by-side comparison across all monitored databases, with detail for the selected database below.
A6: Database | B6: Overall Availability % | C6: Planned Downtime (hrs) | D6: Unplanned Downtime (hrs) | E6: Total Incidents | F6: MTTR (mins) | G6: Backup Success % | H6: Restore Success % | I6: Replication Status | J6: Failed Backups
A7: Oracle | B7: =IFERROR(AVERAGEIFS('Availability Calculator'!$H:$H,'Availability Calculator'!$B:$B,$A7,'Availability Calculator'!$A:$A,TEXT(TODAY(),"YYYY-MM")),"No Data") -> 99.328 | C7: =SUMIFS('Maintenance Register'!F:F,'Maintenance Register'!A:A,">="&DATE(YEAR(TODAY()),MONTH(TODAY()),1),'Maintenance Register'!J:J,$A7) -> 0 | D7: =SUMIFS('Incident Register'!E:E,'Incident Register'!B:B,">="&DATE(YEAR(TODAY()),MONTH(TODAY()),1),'Incident Register'!F:F,"No",'Incident Register'!M:M,$A7)/60 -> 0.0625 | E7: =COUNTIFS('Incident Register'!B:B,">="&DATE(YEAR(TODAY()),MONTH(TODAY()),1),'Incident Register'!M:M,$A7) -> 5 | F7: =IFERROR(AVERAGEIFS('Incident Register'!E:E, 'Incident Register'!M:M, $A7, 'Incident Register'!B:B, ">="&DATE(YEAR(TODAY()), MONTH(TODAY()), 1), 'Incident Register'!B:B, "<="&EOMONTH(TODAY(), 0))*60, "No Data") -> 45 | G7: =IF(COUNTIFS('Backup & Recovery'!A:A,"Backup",'Backup & Recovery'!B:B,$A7,'Backup & Recovery'!C:C,">="&DATE(YEAR(TODAY()),MONTH(TODAY()),1))=0,"No Data",COUNTIFS('Backup & Recovery'!A:A,"Backup",'Backup & Recovery'!J:J,"Success",'Backup & Recovery'!B:B,$A7,'Backup & Recovery'!C:C,">="&DATE(YEAR(TODAY()),MONTH(TODAY()),1))/COUNTIFS('Backup & Recovery'!A:A,"Backup",'Backup & Recovery'!B:B,$A7,'Backup & Recovery'!C:C,">="&DATE(YEAR(TODAY()),MONTH(TODAY()),1))*100) -> No Data | H7: =IF(COUNTIFS('Backup & Recovery'!A:A,"Restore Test",'Backup & Recovery'!B:B,$A7,'Backup & Recovery'!C:C,">="&DATE(YEAR(TODAY()),MONTH(TODAY()),1))=0,"No Data",SUM(COUNTIFS('Backup & Recovery'!A:A,"Restore Test",'Backup & Recovery'!J:J,{"Pass","Success"},'Backup & Recovery'!B:B,$A7,'Backup & Recovery'!C:C,">="&DATE(YEAR(TODAY()),MONTH(TODAY()),1)))/COUNTIFS('Backup & Recovery'!A:A,"Restore Test",'Backup & Recovery'!B:B,$A7,'Backup & Recovery'!C:C,">="&DATE(YEAR(TODAY()),MONTH(TODAY()),1))*100) -> No Data | I7: =IF(COUNTIFS('Replication Monitor'!I:I,$A7)=0,"No Data",IF(COUNTIFS('Replication Monitor'!H:H,"Failed",'Replication Monitor'!I:I,$A7)>0,"Failed",IF(COUNTIFS('Replication Monitor'!H:H,"Degraded",'Replication Monitor'!I:I,$A7)>0,"Degraded","Healthy"))) -> No Data | J7: =COUNTIFS('Backup & Recovery'!A:A,"Backup",'Backup & Recovery'!J:J,"Failed",'Backup & Recovery'!B:B,$A7,'Backup & Recovery'!C:C,">="&DATE(YEAR(TODAY()),MONTH(TODAY()),1)) -> 0
A8: MySQL | B8: =IFERROR(AVERAGEIFS('Availability Calculator'!$H:$H,'Availability Calculator'!$B:$B,$A8,'Availability Calculator'!$A:$A,TEXT(TODAY(),"YYYY-MM")),"No Data") -> 99.2981 | C8: =SUMIFS('Maintenance Register'!F:F,'Maintenance Register'!A:A,">="&DATE(YEAR(TODAY()),MONTH(TODAY()),1),'Maintenance Register'!J:J,$A8) -> 0 | D8: =SUMIFS('Incident Register'!E:E,'Incident Register'!B:B,">="&DATE(YEAR(TODAY()),MONTH(TODAY()),1),'Incident Register'!F:F,"No",'Incident Register'!M:M,$A8)/60 -> 0.065278333 | E8: =COUNTIFS('Incident Register'!B:B,">="&DATE(YEAR(TODAY()),MONTH(TODAY()),1),'Incident Register'!M:M,$A8) -> 3 | F8: =IFERROR(AVERAGEIFS('Incident Register'!E:E, 'Incident Register'!M:M, $A8, 'Incident Register'!B:B, ">="&DATE(YEAR(TODAY()), MONTH(TODAY()), 1), 'Incident Register'!B:B, "<="&EOMONTH(TODAY(), 0))*60, "No Data") -> 78.334 | G8: =IF(COUNTIFS('Backup & Recovery'!A:A,"Backup",'Backup & Recovery'!B:B,$A8,'Backup & Recovery'!C:C,">="&DATE(YEAR(TODAY()),MONTH(TODAY()),1))=0,"No Data",COUNTIFS('Backup & Recovery'!A:A,"Backup",'Backup & Recovery'!J:J,"Success",'Backup & Recovery'!B:B,$A8,'Backup & Recovery'!C:C,">="&DATE(YEAR(TODAY()),MONTH(TODAY()),1))/COUNTIFS('Backup & Recovery'!A:A,"Backup",'Backup & Recovery'!B:B,$A8,'Backup & Recovery'!C:C,">="&DATE(YEAR(TODAY()),MONTH(TODAY()),1))*100) -> 100 | H8: =IF(COUNTIFS('Backup & Recovery'!A:A,"Restore Test",'Backup & Recovery'!B:B,$A8,'Backup & Recovery'!C:C,">="&DATE(YEAR(TODAY()),MONTH(TODAY()),1))=0,"No Data",SUM(COUNTIFS('Backup & Recovery'!A:A,"Restore Test",'Backup & Recovery'!J:J,{"Pass","Success"},'Backup & Recovery'!B:B,$A8,'Backup & Recovery'!C:C,">="&DATE(YEAR(TODAY()),MONTH(TODAY()),1)))/COUNTIFS('Backup & Recovery'!A:A,"Restore Test",'Backup & Recovery'!B:B,$A8,'Backup & Recovery'!C:C,">="&DATE(YEAR(TODAY()),MONTH(TODAY()),1))*100) -> No Data | I8: =IF(COUNTIFS('Replication Monitor'!I:I,$A8)=0,"No Data",IF(COUNTIFS('Replication Monitor'!H:H,"Failed",'Replication Monitor'!I:I,$A8)>0,"Failed",IF(COUNTIFS('Replication Monitor'!H:H,"Degraded",'Replication Monitor'!I:I,$A8)>0,"Degraded","Healthy"))) -> Healthy | J8: =COUNTIFS('Backup & Recovery'!A:A,"Backup",'Backup & Recovery'!J:J,"Failed",'Backup & Recovery'!B:B,$A8,'Backup & Recovery'!C:C,">="&DATE(YEAR(TODAY()),MONTH(TODAY()),1)) -> 0
A9: MS SQL Server | B9: =IFERROR(AVERAGEIFS('Availability Calculator'!$H:$H,'Availability Calculator'!$B:$B,$A9,'Availability Calculator'!$A:$A,TEXT(TODAY(),"YYYY-MM")),"No Data") -> No Data | C9: =SUMIFS('Maintenance Register'!F:F,'Maintenance Register'!A:A,">="&DATE(YEAR(TODAY()),MONTH(TODAY()),1),'Maintenance Register'!J:J,$A9) -> 0 | D9: =SUMIFS('Incident Register'!E:E,'Incident Register'!B:B,">="&DATE(YEAR(TODAY()),MONTH(TODAY()),1),'Incident Register'!F:F,"No",'Incident Register'!M:M,$A9)/60 -> 0 | E9: =COUNTIFS('Incident Register'!B:B,">="&DATE(YEAR(TODAY()),MONTH(TODAY()),1),'Incident Register'!M:M,$A9) -> 0 | F9: =IFERROR(AVERAGEIFS('Incident Register'!E:E, 'Incident Register'!M:M, $A9, 'Incident Register'!B:B, ">="&DATE(YEAR(TODAY()), MONTH(TODAY()), 1), 'Incident Register'!B:B, "<="&EOMONTH(TODAY(), 0))*60, "No Data") -> No Data | G9: =IF(COUNTIFS('Backup & Recovery'!A:A,"Backup",'Backup & Recovery'!B:B,$A9,'Backup & Recovery'!C:C,">="&DATE(YEAR(TODAY()),MONTH(TODAY()),1))=0,"No Data",COUNTIFS('Backup & Recovery'!A:A,"Backup",'Backup & Recovery'!J:J,"Success",'Backup & Recovery'!B:B,$A9,'Backup & Recovery'!C:C,">="&DATE(YEAR(TODAY()),MONTH(TODAY()),1))/COUNTIFS('Backup & Recovery'!A:A,"Backup",'Backup & Recovery'!B:B,$A9,'Backup & Recovery'!C:C,">="&DATE(YEAR(TODAY()),MONTH(TODAY()),1))*100) -> 100 | H9: =IF(COUNTIFS('Backup & Recovery'!A:A,"Restore Test",'Backup & Recovery'!B:B,$A9,'Backup & Recovery'!C:C,">="&DATE(YEAR(TODAY()),MONTH(TODAY()),1))=0,"No Data",SUM(COUNTIFS('Backup & Recovery'!A:A,"Restore Test",'Backup & Recovery'!J:J,{"Pass","Success"},'Backup & Recovery'!B:B,$A9,'Backup & Recovery'!C:C,">="&DATE(YEAR(TODAY()),MONTH(TODAY()),1)))/COUNTIFS('Backup & Recovery'!A:A,"Restore Test",'Backup & Recovery'!B:B,$A9,'Backup & Recovery'!C:C,">="&DATE(YEAR(TODAY()),MONTH(TODAY()),1))*100) -> No Data | I9: =IF(COUNTIFS('Replication Monitor'!I:I,$A9)=0,"No Data",IF(COUNTIFS('Replication Monitor'!H:H,"Failed",'Replication Monitor'!I:I,$A9)>0,"Failed",IF(COUNTIFS('Replication Monitor'!H:H,"Degraded",'Replication Monitor'!I:I,$A9)>0,"Degraded","Healthy"))) -> No Data | J9: =COUNTIFS('Backup & Recovery'!A:A,"Backup",'Backup & Recovery'!J:J,"Failed",'Backup & Recovery'!B:B,$A9,'Backup & Recovery'!C:C,">="&DATE(YEAR(TODAY()),MONTH(TODAY()),1)) -> 0
A10: PostgreSQL | B10: =IFERROR(AVERAGEIFS('Availability Calculator'!$H:$H,'Availability Calculator'!$B:$B,$A10,'Availability Calculator'!$A:$A,TEXT(TODAY(),"YYYY-MM")),"No Data") -> No Data | C10: =SUMIFS('Maintenance Register'!F:F,'Maintenance Register'!A:A,">="&DATE(YEAR(TODAY()),MONTH(TODAY()),1),'Maintenance Register'!J:J,$A10) -> 0 | D10: =SUMIFS('Incident Register'!E:E,'Incident Register'!B:B,">="&DATE(YEAR(TODAY()),MONTH(TODAY()),1),'Incident Register'!F:F,"No",'Incident Register'!M:M,$A10)/60 -> 0 | E10: =COUNTIFS('Incident Register'!B:B,">="&DATE(YEAR(TODAY()),MONTH(TODAY()),1),'Incident Register'!M:M,$A10) -> 0 | F10: =IFERROR(AVERAGEIFS('Incident Register'!E:E, 'Incident Register'!M:M, $A10, 'Incident Register'!B:B, ">="&DATE(YEAR(TODAY()), MONTH(TODAY()), 1), 'Incident Register'!B:B, "<="&EOMONTH(TODAY(), 0))*60, "No Data") -> No Data | G10: =IF(COUNTIFS('Backup & Recovery'!A:A,"Backup",'Backup & Recovery'!B:B,$A10,'Backup & Recovery'!C:C,">="&DATE(YEAR(TODAY()),MONTH(TODAY()),1))=0,"No Data",COUNTIFS('Backup & Recovery'!A:A,"Backup",'Backup & Recovery'!J:J,"Success",'Backup & Recovery'!B:B,$A10,'Backup & Recovery'!C:C,">="&DATE(YEAR(TODAY()),MONTH(TODAY()),1))/COUNTIFS('Backup & Recovery'!A:A,"Backup",'Backup & Recovery'!B:B,$A10,'Backup & Recovery'!C:C,">="&DATE(YEAR(TODAY()),MONTH(TODAY()),1))*100) -> No Data | H10: =IF(COUNTIFS('Backup & Recovery'!A:A,"Restore Test",'Backup & Recovery'!B:B,$A10,'Backup & Recovery'!C:C,">="&DATE(YEAR(TODAY()),MONTH(TODAY()),1))=0,"No Data",SUM(COUNTIFS('Backup & Recovery'!A:A,"Restore Test",'Backup & Recovery'!J:J,{"Pass","Success"},'Backup & Recovery'!B:B,$A10,'Backup & Recovery'!C:C,">="&DATE(YEAR(TODAY()),MONTH(TODAY()),1)))/COUNTIFS('Backup & Recovery'!A:A,"Restore Test",'Backup & Recovery'!B:B,$A10,'Backup & Recovery'!C:C,">="&DATE(YEAR(TODAY()),MONTH(TODAY()),1))*100) -> No Data | I10: =IF(COUNTIFS('Replication Monitor'!I:I,$A10)=0,"No Data",IF(COUNTIFS('Replication Monitor'!H:H,"Failed",'Replication Monitor'!I:I,$A10)>0,"Failed",IF(COUNTIFS('Replication Monitor'!H:H,"Degraded",'Replication Monitor'!I:I,$A10)>0,"Degraded","Healthy"))) -> No Data | J10: =COUNTIFS('Backup & Recovery'!A:A,"Backup",'Backup & Recovery'!J:J,"Failed",'Backup & Recovery'!B:B,$A10,'Backup & Recovery'!C:C,">="&DATE(YEAR(TODAY()),MONTH(TODAY()),1)) -> 0
A13: Database Detail
A14: =IFERROR("Showing: "&B2,"") -> Showing: All Databases
A16: Metric | B16: Overall Availability | C16: Planned Downtime (hrs) | D16: Unplanned Downtime (hrs) | E16: Total Incidents | F16: MTTR | G16: Backup Success Rate | H16: Restore Success Rate | I16: Replication Status | J16: Last Successful Full Backup | K16: Last Successful Incremental Backup | L16: Last DR Test | M16: Failed Backups | N16: Failed Restore Tests | O16: Replication Lag
A17: Current | B17: =_xlfn.IFS($B$2="All Databases",AVERAGE($B$7:$B$10)/100,$B$2="Oracle",IF(ISNUMBER($B$7),$B$7/100,"No Data"),$B$2="MySQL",IF(ISNUMBER($B$8),$B$8/100,"No Data"),$B$2="MS SQL Server",IF(ISNUMBER($B$9),$B$9/100,"No Data"),$B$2="PostgreSQL",IF(ISNUMBER($B$10),$B$10/100,"No Data")) -> 0.9931305 | C17: =IF($B$2="All Databases",SUMIFS('Maintenance Register'!F:F,'Maintenance Register'!A:A,">="&DATE(YEAR(TODAY()),MONTH(TODAY()),1)),SUMIFS('Maintenance Register'!F:F,'Maintenance Register'!A:A,">="&DATE(YEAR(TODAY()),MONTH(TODAY()),1),'Maintenance Register'!J:J,$B$2)) -> 29.5833 | D17: =IF($B$2="All Databases",SUMIFS('Incident Register'!E:E,'Incident Register'!B:B,">="&DATE(YEAR(TODAY()),MONTH(TODAY()),1),'Incident Register'!F:F,"No")/60,SUMIFS('Incident Register'!E:E,'Incident Register'!B:B,">="&DATE(YEAR(TODAY()),MONTH(TODAY()),1),'Incident Register'!F:F,"No",'Incident Register'!M:M,$B$2)/60) -> 0.12777833 | E17: =IF($B$2="All Databases",COUNTIFS('Incident Register'!B:B,">="&DATE(YEAR(TODAY()),MONTH(TODAY()),1)),COUNTIFS('Incident Register'!B:B,">="&DATE(YEAR(TODAY()),MONTH(TODAY()),1),'Incident Register'!M:M,$B$2)) -> 8 | F17: =IFERROR(IF($B$2="All Databases", AVERAGEIFS('Incident Register'!E:E, 'Incident Register'!B:B, ">="&DATE(YEAR(TODAY()), MONTH(TODAY()), 1), 'Incident Register'!B:B, "<="&EOMONTH(TODAY(), 0))*60, AVERAGEIFS('Incident Register'!E:E, 'Incident Register'!M:M, $B$2, 'Incident Register'!B:B, ">="&DATE(YEAR(TODAY()), MONTH(TODAY()), 1), 'Incident Register'!B:B, "<="&EOMONTH(TODAY(), 0))*60), "No Data") -> 57.50025 | G17: =IF($B$2="All Databases",IF(COUNTIFS('Backup & Recovery'!A:A,"Backup",'Backup & Recovery'!C:C,">="&DATE(YEAR(TODAY()),MONTH(TODAY()),1))=0,"No Data",COUNTIFS('Backup & Recovery'!A:A,"Backup",'Backup & Recovery'!J:J,"Success",'Backup & Recovery'!C:C,">="&DATE(YEAR(TODAY()),MONTH(TODAY()),1))/COUNTIFS('Backup & Recovery'!A:A,"Backup",'Backup & Recovery'!C:C,">="&DATE(YEAR(TODAY()),MONTH(TODAY()),1))*100),IF(COUNTIFS('Backup & Recovery'!A:A,"Backup",'Backup & Recovery'!B:B,$B$2,'Backup & Recovery'!C:C,">="&DATE(YEAR(TODAY()),MONTH(TODAY()),1))=0,"No Data",COUNTIFS('Backup & Recovery'!A:A,"Backup",'Backup & Recovery'!J:J,"Success",'Backup & Recovery'!B:B,$B$2,'Backup & Recovery'!C:C,">="&DATE(YEAR(TODAY()),MONTH(TODAY()),1))/COUNTIFS('Backup & Recovery'!A:A,"Backup",'Backup & Recovery'!B:B,$B$2,'Backup & Recovery'!C:C,">="&DATE(YEAR(TODAY()),MONTH(TODAY()),1))*100)) -> 100 | H17: =IF($B$2="All Databases", IF(COUNTIFS('Backup & Recovery'!A:A,"Restore Test",'Backup & Recovery'!C:C,">="&DATE(YEAR(TODAY()),MONTH(TODAY()),1))=0, "No Data", SUM(COUNTIFS('Backup & Recovery'!A:A,"Restore Test",'Backup & Recovery'!J:J,{"Pass","Success"},'Backup & Recovery'!C:C,">="&DATE(YEAR(TODAY()),MONTH(TODAY()),1))) / COUNTIFS('Backup & Recovery'!A:A,"Restore Test",'Backup & Recovery'!C:C,">="&DATE(YEAR(TODAY()),MONTH(TODAY()),1)) * 100 ), IF(COUNTIFS('Backup & Recovery'!A:A,"Restore Test",'Backup & Recovery'!B:B,$B$2,'Backup & Recovery'!C:C,">="&DATE(YEAR(TODAY()),MONTH(TODAY()),1))=0, "No Data", SUM(COUNTIFS('Backup & Recovery'!A:A,"Restore Test",'Backup & Recovery'!J:J,{"Pass","Success"},'Backup & Recovery'!B:B,$B$2,'Backup & Recovery'!C:C,">="&DATE(YEAR(TODAY()),MONTH(TODAY()),1))) / COUNTIFS('Backup & Recovery'!A:A,"Restore Test",'Backup & Recovery'!B:B,$B$2,'Backup & Recovery'!C:C,">="&DATE(YEAR(TODAY()),MONTH(TODAY()),1)) * 100 ) ) -> No Data | I17: =IF($B$2="All Databases",IF(COUNTIFS('Replication Monitor'!H:H,"Failed")>0,"Failed",IF(COUNTIFS('Replication Monitor'!H:H,"Degraded")>0,"Degraded","Healthy")),IF(COUNTIFS('Replication Monitor'!H:H,"Failed",'Replication Monitor'!I:I,$B$2)>0,"Failed",IF(COUNTIFS('Replication Monitor'!H:H,"Degraded",'Replication Monitor'!I:I,$B$2)>0,"Degraded",IF(COUNTIFS('Replication Monitor'!I:I,$B$2)=0,"No Data","Healthy")))) -> Healthy | J17: =IF($B$2="All Databases",IF(COUNTIFS('Backup & Recovery'!A:A,"Backup",'Backup & Recovery'!E:E,"Full",'Backup & Recovery'!J:J,"Success")=0,"No Data",_xlfn.MAXIFS('Backup & Recovery'!C:C,'Backup & Recovery'!A:A,"Backup",'Backup & Recovery'!E:E,"Full",'Backup & Recovery'!J:J,"Success")),IF(COUNTIFS('Backup & Recovery'!A:A,"Backup",'Backup & Recovery'!E:E,"Full",'Backup & Recovery'!J:J,"Success",'Backup & Recovery'!B:B,$B$2)=0,"No Data",_xlfn.MAXIFS('Backup & Recovery'!C:C,'Backup & Recovery'!A:A,"Backup",'Backup & Recovery'!E:E,"Full",'Backup & Recovery'!J:J,"Success",'Backup & Recovery'!B:B,$B$2))) -> 46224 | K17: =IF($B$2="All Databases",IF(COUNTIFS('Backup & Recovery'!A:A,"Backup",'Backup & Recovery'!E:E,"Incremental",'Backup & Recovery'!J:J,"Success")=0,"No Data",_xlfn.MAXIFS('Backup & Recovery'!C:C,'Backup & Recovery'!A:A,"Backup",'Backup & Recovery'!E:E,"Incremental",'Backup & Recovery'!J:J,"Success")),IF(COUNTIFS('Backup & Recovery'!A:A,"Backup",'Backup & Recovery'!E:E,"Incremental",'Backup & Recovery'!J:J,"Success",'Backup & Recovery'!B:B,$B$2)=0,"No Data",_xlfn.MAXIFS('Backup & Recovery'!C:C,'Backup & Recovery'!A:A,"Backup",'Backup & Recovery'!E:E,"Incremental",'Backup & Recovery'!J:J,"Success",'Backup & Recovery'!B:B,$B$2))) -> 46226 | L17: =IF($B$2="All Databases",IF(COUNTIFS('Backup & Recovery'!A:A,"Restore Test",'Backup & Recovery'!J:J,"Pass")=0,"No Data",_xlfn.MAXIFS('Backup & Recovery'!C:C,'Backup & Recovery'!A:A,"Restore Test",'Backup & Recovery'!J:J,"Pass")),IF(COUNTIFS('Backup & Recovery'!A:A,"Restore Test",'Backup & Recovery'!J:J,"Pass",'Backup & Recovery'!B:B,$B$2)=0,"No Data",_xlfn.MAXIFS('Backup & Recovery'!C:C,'Backup & Recovery'!A:A,"Restore Test",'Backup & Recovery'!J:J,"Pass",'Backup & Recovery'!B:B,$B$2))) -> No Data | M17: =IF($B$2="All Databases",IF(COUNTIFS('Backup & Recovery'!A:A,"Backup",'Backup & Recovery'!C:C,">="&DATE(YEAR(TODAY()),MONTH(TODAY()),1))=0,"No Data",COUNTIFS('Backup & Recovery'!A:A,"Backup",'Backup & Recovery'!J:J,"Failed",'Backup & Recovery'!C:C,">="&DATE(YEAR(TODAY()),MONTH(TODAY()),1))),IF(COUNTIFS('Backup & Recovery'!A:A,"Backup",'Backup & Recovery'!B:B,$B$2,'Backup & Recovery'!C:C,">="&DATE(YEAR(TODAY()),MONTH(TODAY()),1))=0,"No Data",COUNTIFS('Backup & Recovery'!A:A,"Backup",'Backup & Recovery'!J:J,"Failed",'Backup & Recovery'!B:B,$B$2,'Backup & Recovery'!C:C,">="&DATE(YEAR(TODAY()),MONTH(TODAY()),1)))) -> 0 | N17: =IF($B$2="All Databases",IF(COUNTIFS('Backup & Recovery'!A:A,"Restore Test",'Backup & Recovery'!C:C,">="&DATE(YEAR(TODAY()),MONTH(TODAY()),1))=0,"No Data",COUNTIFS('Backup & Recovery'!A:A,"Restore Test",'Backup & Recovery'!J:J,"Fail",'Backup & Recovery'!C:C,">="&DATE(YEAR(TODAY()),MONTH(TODAY()),1))),IF(COUNTIFS('Backup & Recovery'!A:A,"Restore Test",'Backup & Recovery'!B:B,$B$2,'Backup & Recovery'!C:C,">="&DATE(YEAR(TODAY()),MONTH(TODAY()),1))=0,"No Data",COUNTIFS('Backup & Recovery'!A:A,"Restore Test",'Backup & Recovery'!J:J,"Fail",'Backup & Recovery'!B:B,$B$2,'Backup & Recovery'!C:C,">="&DATE(YEAR(TODAY()),MONTH(TODAY()),1)))) -> No Data | O17: =IF($B$2="All Databases",IF(COUNTA('Replication Monitor'!I:I)-1=0,"No Data",MAX('Replication Monitor'!F:F)),IF(COUNTIFS('Replication Monitor'!I:I,$B$2)=0,"No Data",_xlfn.MAXIFS('Replication Monitor'!F:F,'Replication Monitor'!I:I,$B$2))) -> 0
A18: Target | B18: ≥ 99.00% | C18: ≤ 48 hrs | D18: ≤ 2 hrs | E18: ≤ 4/month | F18: ≤ 4 hrs | G18: ≥ 95% | H18: ≥ 80% | I18: Healthy | J18: < 7 days | K18: < 24 hrs | L18: < 6 months | M18: 0 | N18: 0 | O18: <2 minutes
A19: Status | B19: =IF(B17="No Data","N/A",IF(B17>=0.99,"Meets SLA",IF(B17>=0.97,"Marginal","Below SLA"))) -> Meets SLA | C19: =IF(C17<=48,"Meets SLA",IF(C17<=49,"Marginal","Below SLA")) -> Meets SLA | D19: =IF(D17<=1.6,"Meets SLA",IF(D17<=2,"Marginal","Below SLA")) -> Meets SLA | E19: =IF(E17<=4,"Meets SLA",IF(E17<=5,"Marginal","Below SLA")) -> Below SLA | F19: =IF(F17="No Data","N/A",IF(F17<=96,"Meets SLA",IF(F17<=240,"Marginal","Below SLA"))) -> Meets SLA | G19: =IF(G17="No Data","N/A",IF(G17>=95,"Meets SLA",IF(G17>=90,"Marginal","Below SLA"))) -> Meets SLA | H19: =IF(H17="No Data","N/A",IF(H17>=80,"Meets SLA",IF(H17>=75,"Marginal","Below SLA"))) -> N/A | I19: =IF(I17="Healthy","Meets SLA",IF(I17="Degraded","Marginal",IF(I17="No Data","N/A","Below SLA"))) -> Meets SLA | J19: =IF(J17="No Data","N/A",IF(TODAY()-J17<=7,"Meets SLA",IF(TODAY()-J17<=10,"Marginal","Below SLA"))) -> Meets SLA | K19: =IF(K17="No Data","N/A",IF(TODAY()-K17<=1,"Meets SLA",IF(TODAY()-K17<=2,"Marginal","Below SLA"))) -> Meets SLA | L19: =IF(L17="No Data","N/A",IF(DATEDIF(L17,TODAY(),"m")<6,"Meets SLA",IF(DATEDIF(L17,TODAY(),"m")<8,"Marginal","Below SLA"))) -> N/A | M19: =IF(M17="No Data","N/A",IF(M17<=0,"Meets SLA","Below SLA")) -> Meets SLA | N19: =IF(N17="No Data","N/A",IF(N17=0,"Meets SLA","Below SLA")) -> N/A | O19: =IF(O17="No Data","N/A",IF(O17<24,"Meets SLA",IF(O17<2,"Marginal","Below SLA"))) -> Meets SLA
A22: Incident Status Breakdown
A23: =IFERROR("This month, "&B2,"") -> This month, All Databases
A25: Database | B25: Open | C25: In Progress | D25: Resolved | E25: Closed | F25: On Hold | G25: Total
A26: =IF($B$2="All Databases","All Databases",$B$2) -> All Databases | B26: =IF($B$2="All Databases",COUNTIFS('Incident Register'!B:B,">="&DATE(YEAR(TODAY()),MONTH(TODAY()),1),'Incident Register'!L:L,"Open"),COUNTIFS('Incident Register'!B:B,">="&DATE(YEAR(TODAY()),MONTH(TODAY()),1),'Incident Register'!L:L,"Open",'Incident Register'!M:M,$B$2)) -> 0 | C26: =IF($B$2="All Databases",COUNTIFS('Incident Register'!B:B,">="&DATE(YEAR(TODAY()),MONTH(TODAY()),1),'Incident Register'!L:L,"In Progress"),COUNTIFS('Incident Register'!B:B,">="&DATE(YEAR(TODAY()),MONTH(TODAY()),1),'Incident Register'!L:L,"In Progress",'Incident Register'!M:M,$B$2)) -> 1 | D26: =IF($B$2="All Databases",COUNTIFS('Incident Register'!B:B,">="&DATE(YEAR(TODAY()),MONTH(TODAY()),1),'Incident Register'!L:L,"Resolved"),COUNTIFS('Incident Register'!B:B,">="&DATE(YEAR(TODAY()),MONTH(TODAY()),1),'Incident Register'!L:L,"Resolved",'Incident Register'!M:M,$B$2)) -> 7 | E26: =IF($B$2="All Databases",COUNTIFS('Incident Register'!B:B,">="&DATE(YEAR(TODAY()),MONTH(TODAY()),1),'Incident Register'!L:L,"Closed"),COUNTIFS('Incident Register'!B:B,">="&DATE(YEAR(TODAY()),MONTH(TODAY()),1),'Incident Register'!L:L,"Closed",'Incident Register'!M:M,$B$2)) -> 0 | F26: =IF($B$2="All Databases",COUNTIFS('Incident Register'!B:B,">="&DATE(YEAR(TODAY()),MONTH(TODAY()),1),'Incident Register'!L:L,"On Hold"),COUNTIFS('Incident Register'!B:B,">="&DATE(YEAR(TODAY()),MONTH(TODAY()),1),'Incident Register'!L:L,"On Hold",'Incident Register'!M:M,$B$2)) -> 0 | G26: =SUM(B26:F26) -> 8
A29: Last Updated | B29: =NOW() -> 46227.379

Sheet Incident Register
A1: Ticket | B1: Date | C1: Start | D1: End | E1: Duration (hrs) | F1: Planned | G1: Severity | H1: System | I1: Root Cause | J1: Business Impact | K1: Resolved By | L1: Status | M1: Database
A2: INC-001 | B2: 46204 | C2: 0.09375 | D2: 0.11458333 | E2: 0.5 | F2: No | G2: Critical | H2: NMS EBS | I2: Disk full | J2: Payment processing down | K2: Denis Ojok | L2: Resolved | M2: Oracle
A3: INC-002 | B3: 46206 | C3: 0.59722222 | D3: 0.60763889 | E3: 0.25 | F3: No | G3: High | H3: NMS EBS | I3: Lock contention | J3: Slow queries on reporting | K3: Denis Ojok | L3: Resolved | M3: Oracle
A4: INC-003 | B4: 46208 | C4: 0.375 | D4: 0.38194444 | E4: 0.1667 | F4: No | G4: Medium | H4: NickleDB | I4: Connection spike | J4: Brief latency increase | K4: Ashley Atim | L4: Resolved | M4: MySQL
A5: INC-004 | B5: 46211 | C5: 0.9375 | D5: 0.96875 | E5: 0.75 | F5: No | G5: High | H5: NickleDB | I5: Replication lag | J5: Read replica stale data | K5: Ashley Atim | L5: Resolved | M5: MySQL
A6: INC-005 | B6: 46213 | C6: 0.25 | D6: 0.25347222 | E6: 0 | F6: No | G6: Low | H6: NMS EBS | I6: Alert noise | J6: False positive monitoring | K6: Irene Katuutu | L6: Resolved | M6: Oracle
A7: INC-006 | B7: 46215 | C7: 0.45833333 | D7: 0.47222222 | E7: 0.3333 | F7: No | G7: Medium | H7: NMS EBS | I7: Backup failure | J7: Backup job retry needed | K7: Ashley Atim | L7: Resolved | M7: Oracle
A8: INC-007 | B8: 46217 | C8: 0.38888889 | D8: 0.5 | E8: 2.6667 | F8: No | G8: Critical | H8: NMS EBS | I8: Network | J8: Stickers could not be printed | K8: Martin Mugerwa | L8: In Progress | M8: Oracle
A9: TCT 02 | B9: 46221 | C9: 0.36527778 | D9: 0.49027778 | E9: 3 | F9: No | G9: High | H9: nickledb | I9: Network intermitency | J9: Trips could not be loaded | K9: Ashley Atim | L9: Resolved | M9: MySQL

Sheet Replication Monitor
A1: Check Date | B1: Master | C1: Replica | D1: IO Thread | E1: SQL Thread | F1: Seconds Behind | G1: Last Error | H1: Stored Status | I1: Database | J1: Severity
A2: 46227 | B2: 192.168.35.46 | C2: nickeldbdr | D2: Yes | E2: Yes | F2: 0 | H2: Healthy | I2: MySQL | J2: Low
A3: 46225 | B3: 192.168.35.46 | C3: nickeldbdr | D3: Yes | E3: Yes | F3: 0 | H3: Healthy | I3: MySQL | J3: Low
A4: 46225 | B4: 192.168.35.46 | C4: nickeldbdr | D4: Yes | E4: Yes | F4: 0 | H4: Healthy | I4: MySQL | J4: Low
A5: 46225 | B5: 192.168.35.46 | C5: nickeldbdr | D5: Yes | E5: Yes | F5: 0 | H5: Healthy | I5: MySQL | J5: Low
A6: 46225 | B6: 192.168.35.46 | C6: nickeldbdr | D6: Yes | E6: Yes | F6: 0 | H6: Healthy | I6: MySQL | J6: Low
A7: 46225 | B7: 192.168.35.46 | C7: nickeldbdr | D7: Yes | E7: Yes | F7: 0 | H7: Healthy | I7: MySQL | J7: Low
A8: 46225 | B8: 192.168.35.46 | C8: nickeldbdr | D8: Yes | E8: Yes | F8: 0 | H8: Healthy | I8: MySQL | J8: Low
A9: 46225 | B9: 192.168.35.46 | C9: nickeldbdr | D9: Yes | E9: Yes | F9: 0 | H9: Healthy | I9: MySQL | J9: Low
A10: 46225 | B10: 192.168.35.46 | C10: nickeldbdr | D10: Yes | E10: Yes | F10: 0 | H10: Healthy | I10: MySQL | J10: Low
A11: 46225 | B11: 192.168.35.46 | C11: nickeldbdr | D11: Yes | E11: Yes | F11: 0 | H11: Healthy | I11: MySQL | J11: Low
A12: 46225 | B12: 192.168.35.46 | C12: nickeldbdr | D12: Yes | E12: Yes | F12: 0 | H12: Healthy | I12: MySQL | J12: Low
A13: 46225 | B13: 192.168.35.46 | C13: nickeldbdr | D13: Yes | E13: Yes | F13: 0 | H13: Healthy | I13: MySQL | J13: Low
... A31: 46224 | B31: 192.168.35.46 | C31: nickeldbdr | D31: Yes | E31: Yes | F31: 0 | H31: Healthy | I31: MySQL | J31: Low

Sheet Backup & Recovery
A1: record_type | B1: database | C1: date | D1: database_instance | E1: backup_type | F1: backup_used | G1: start | H1: end | I1: duration_mins | J1: outcome | K1: location | L1: verified | M1: restore_tested | N1: compression | O1: retention | P1: comments
A2: Backup | B2: MySQL | C2: 46204 | D2: nickledbnew | E2: Incremental | F2: nickeldb_2026-07-01_20-59-02_inc.tar.gz | G2: 46204.874 | H2: 46204.875 | I2: 0.97 | J2: Success | K2: /nfsdata/backup/incremental/nickeldb_2026-07-01_20-59-02_inc.tar.gz | L2: 1 | M2: 0 | N2: 1 | O2: 7 Days
A3: Backup | B3: MySQL | C3: 46205 | D3: nickledbnew | E3: Incremental | F3: nickeldb_2026-07-02_20-59-01_inc.tar.gz | G3: 46205.874 | H3: 46205.875 | I3: 0.3 | J3: Success | K3: /nfsdata/backup/incremental/nickeldb_2026-07-02_20-59-01_inc.tar.gz | L3: 1 | M3: 0 | N3: 1 | O3: 7 Days
A4: Backup | B4: MySQL | C4: 46207 | D4: nickledbnew | E4: Full | F4: nickeldb_2026-07-04_20-59-01_full.sql.gz | G4: 46207.874 | H4: 46207.89 | I4: 23.12 | J4: Success | K4: /nfsdata/backup/full/nickeldb_2026-07-04_20-59-01_full.sql.gz | L4: 1 | M4: 0 | N4: 1 | O4: 180 Days
A5: Backup | B5: MySQL | C5: 46208 | D5: nickledbnew | E5: Incremental | F5: nickeldb_2026-07-05_20-59-01_inc.tar.gz | G5: 46208.874 | H5: 46208.875 | I5: 0.28 | J5: Success | K5: /nfsdata/backup/incremental/nickeldb_2026-07-05_20-59-01_inc.tar.gz | L5: 1 | M5: 0 | N5: 1 | O5: 7 Days
A6: Backup | B6: MySQL | C6: 46209 | D6: nickledbnew | E6: Incremental | F6: nickeldb_2026-07-06_20-59-01_inc.tar.gz | G6: 46209.874 | H6: 46209.875 | I6: 0.45 | J6: Success | K6: /nfsdata/backup/incremental/nickeldb_2026-07-06_20-59-01_inc.tar.gz | L6: 1 | M6: 0 | N6: 1 | O6: 7 Days
A7: Backup | B7: MySQL | C7: 46210 | D7: nickledbnew | E7: Incremental | F7: nickeldb_2026-07-07_20-59-01_inc.tar.gz | G7: 46210.874 | H7: 46210.875 | I7: 1.12 | J7: Success | K7: /nfsdata/backup/incremental/nickeldb_2026-07-07_20-59-01_inc.tar.gz | L7: 1 | M7: 0 | N7: 1 | O7: 7 Days
A8: Backup | B8: MySQL | C8: 46211 | D8: nickledbnew | E8: Incremental | F8: nickeldb_2026-07-08_20-59-01_inc.tar.gz | G8: 46211.874 | H8: 46211.88 | I8: 8.08 | J8: Success | K8: /nfsdata/backup/incremental/nickeldb_2026-07-08_20-59-01_inc.tar.gz | L8: 1 | M8: 0 | N8: 1 | O8: 7 Days
A9: Backup | B9: MySQL | C9: 46212 | D9: nickledbnew | E9: Incremental | F9: nickeldb_2026-07-09_20-59-01_inc.tar.gz | G9: 46212.874 | H9: 46212.875 | I9: 0.57 | J9: Success | K9: /nfsdata/backup/incremental/nickeldb_2026-07-09_20-59-01_inc.tar.gz | L9: 1 | M9: 0 | N9: 1 | O9: 7 Days
A10: Backup | B10: MySQL | C10: 46213 | D10: nickledbnew | E10: Incremental | F10: nickeldb_2026-07-10_20-59-01_inc.tar.gz | G10: 46213.874 | H10: 46213.875 | I10: 0.27 | J10: Success | K10: /nfsdata/backup/incremental/nickeldb_2026-07-10_20-59-01_inc.tar.gz | L10: 1 | M10: 0 | N10: 1 | O10: 7 Days
A11: Backup | B11: MySQL | C11: 46214 | D11: nickledbnew | E11: Full | F11: nickeldb_2026-07-11_20-59-01_full.sql.gz | G11: 46214.874 | H11: 46214.894 | I11: 28.18 | J11: Success | K11: /nfsdata/backup/full/nickeldb_2026-07-11_20-59-01_full.sql.gz | L11: 1 | M11: 0 | N11: 1 | O11: 180 Days
A12: Backup | B12: MySQL | C12: 46215 | D12: nickledbnew | E12: Incremental | F12: nickeldb_2026-07-12_20-59-01_inc.tar.gz | G12: 46215.874 | H12: 46215.875 | I12: 0.28 | J12: Success | K12: /nfsdata/backup/incremental/nickeldb_2026-07-12_20-59-01_inc.tar.gz | L12: 1 | M12: 0 | N12: 1 | O12: 7 Days
A13: Backup | B13: MySQL | C13: 46216 | D13: nickledbnew | E13: Incremental | F13: nickeldb_2026-07-13_20-59-01_inc.tar.gz | G13: 46216.874 | H13: 46216.875 | I13: 0.3 | J13: Success | K13: /nfsdata/backup/incremental/nickeldb_2026-07-13_20-59-01_inc.tar.gz | L13: 1 | M13: 0 | N13: 1 | O13: 7 Days
... A21: Backup | B21: MySQL | C21: 46224 | D21: nickledbnew | E21: Incremental | F21: nickeldb_2026-07-21_20-59-01_inc.tar.gz | G21: 46224.874 | H21: 46224.875 | I21: 0.43 | J21: Success | K21: /nfsdata/backup/incremental/nickeldb_2026-07-21_20-59-01_inc.tar.gz | L21: 1 | M21: 0 | N21: 1 | O21: 7 Days
A22: Backup | B22: MS SQL Server | C22: 46208 | D22: MKInsight National Medical Stores - Live | E22: Full | G22: 46208.917 | H22: 46208.917 | I22: 0.02 | J22: Success | L22: 0 | M22: 0 | N22: 0 | O22: 180 days
A23: Backup | B23: MS SQL Server | C23: 46215 | D23: MKInsight National Medical Stores - Live | E23: Full | G23: 46215.917 | H23: 46215.917 | I23: 0.02 | J23: Success | L23: 0 | M23: 0 | N23: 0 | O23: 180 days
A24: Backup | B24: MS SQL Server | C24: 46224 | D24: MKInsight National Medical Stores - Live | E24: Full | G24: 46224.319 | H24: 46224.32 | I24: 0.02 | J24: Success | L24: 0 | M24: 0 | N24: 0 | O24: 180 days
A25: Backup | B25: nickledbnew | C25: 46226 | D25: nickledbnew | E25: Incremental | F25: nickeldb_2026-07-23_20-59-01_inc.tar.gz | G25: 46226.874 | H25: 46226.875 | I25: 0.38 | J25: Success | K25: /nfsdata/backup/incremental/nickeldb_2026-07-23_20-59-01_inc.tar.gz | L25: 1 | M25: 0 | N25: 1 | O25: 7 Days

Sheet Server Health
A1: Check Date | B1: Server | C1: CPU % | D1: Memory % | E1: Disk % | F1: Tablespace % | G1: Connections | H1: Slow Queries | I1: Threads | J1: Health Status | K1: Stored Status | L1: Database
A2: 46225 | B2: nickledbnew | C2: 42 | D2: 81.59 | E2: 20 | F2: 20 | G2: 40 | H2: 297386 | I2: 5 | J2: Warning | K2: Warning | L2: MySQL
A3: 46225 | B3: nickledbnew | C3: 16.9 | D3: 48.98 | E3: 20 | F3: 20 | G3: 0 | H3: 0 | I3: 0 | J3: Healthy | K3: Healthy | L3: MySQL
A4: 46225 | B4: nickledbnew | C4: 50.6 | D4: 46.71 | E4: 20 | F4: 20 | G4: 77 | H4: 302180 | I4: 9 | J4: Healthy | K4: Healthy | L4: MySQL
A5: 46225 | B5: nickledbnew | C5: 31 | D5: 50.43 | E5: 20 | F5: 20 | G5: 0 | H5: 0 | I5: 0 | J5: Healthy | K5: Healthy | L5: MySQL
A6: 46225 | B6: nickledbnew | C6: 31.5 | D6: 48.58 | E6: 20 | F6: 20 | G6: 77 | H6: 302185 | I6: 8 | J6: Healthy | K6: Healthy | L6: MySQL
A7: 46226 | B7: nickledbnew | C7: 70.5 | D7: 50.86 | E7: 20 | F7: 20 | G7: 45 | H7: 318026 | I7: 8 | J7: Warning | K7: Healthy | L7: MySQL
A8: 46226 | B8: nickledbnew | C8: 96.7 | D8: 50.67 | E8: 20 | F8: 20 | G8: 120 | H8: 318164 | I8: 13 | J8: Critical | K8: Critical | L8: MySQL
A9: 46226 | B9: nickledbnew | C9: 81.8 | D9: 49.98 | E9: 20 | F9: 20 | G9: 108 | H9: 318201 | I9: 11 | J9: Warning | K9: Warning | L9: MySQL
A10: 46226 | B10: nickledbnew | C10: 95.6 | D10: 50.03 | E10: 20 | F10: 20 | G10: 62 | H10: 318587 | I10: 16 | J10: Critical | K10: Critical | L10: MySQL
A11: 46226 | B11: nickledbnew | C11: 57.9 | D11: 50.14 | E11: 20 | F11: 20 | G11: 50 | H11: 319879 | I11: 7 | J11: Healthy | K11: Healthy | L11: MySQL
A12: 46226 | B12: nickledbnew | C12: 1.1 | D12: 48.89 | E12: 20 | F12: 20 | G12: 43 | H12: 320581 | I12: 3 | J12: Healthy | K12: Healthy | L12: MySQL
A13: 46226 | B13: nickledbnew | C13: 1.1 | D13: 51.72 | E13: 20 | F13: 20 | G13: 36 | H13: 320624 | I13: 4 | J13: Healthy | K13: Healthy | L13: MySQL
... A26: 46227 | B26: nickledbnew | C26: 39.8 | D26: 50.93 | E26: 20 | F26: 20 | G26: 33 | H26: 321345 | I26: 7 | J26: Healthy | K26: Healthy | L26: MySQL

Sheet Availability Calculator
A1: Month-Year | B1: Database | C1: Target Hours | D1: Hours Achieved | E1: Planned Downtime (hrs) | F1: Unplanned Downtime (hrs) | G1: Availability % (Stored) | H1: Availability % (Computed) | I1: SLA %
A2: 2026-07 | B2: Oracle | C2: 558 | D2: 554.25 | E2: 2.5833 | F2: 3.75 | G2: 99.328 | H2: 99.328 | I2: 99.9
A3: 2026-07 | B3: MySQL | C3: 558 | D3: 554.0833 | E3: 27 | F3: 3.9167 | G3: 99.2981 | H3: 99.2981 | I3: 99.9

Sheet Maintenance Register
A1: Date | B1: Change ID | C1: Activity | D1: Start | E1: End | F1: Duration (hrs) | G1: Risk | H1: Rollback Plan | I1: Approved By | J1: Success | K1: Database
A2: 46208 | B2: CHG-2026-071 | C2: Apply patch in production | D2: 0.083333333 | E2: 0.14583333 | F2: 1.5 | G2: Low | H2: Snapshot restore available | I2: CICTO | J2: Yes | K2: Oracle
A3: 46215 | B3: CHG-2026-072 | C3: Migrate to Proxmox | D3: 0.29166667 | E3: 0.73958333 | F3: 27 | G3: High | H3: Restore from pre-migration storage snapshots/backups | I3: CICTO | J3: Yes | K3: MySQL
A4: 46218 | B4: CHG-2026-073 | C4: Increase CPU in production | D4: 0.53125 | E4: 0.57638889 | F4: 1.0833 | G4: High | H4: Shutdown VM, revert CPU allocation to original baseline, and reboot | I4: PMISO | J4: Yes | K4: Oracle

Sheet Capacity Planning
A1: Month-Year | B1: Database Size (GB) | C1: Disk Used % | D1: Tablespace Used % | E1: Largest Table | F1: Growth (GB) | G1: Database
A2: 2026-07 | B2: 39.86 | C2: 20 | D2: 20 | E2: note | F2: 0 | G2: MySQL
