Workbook

Sheet Charts

Sheet Dashboard
A1: Dashboard
A2: Select Database: | B2: All Databases | D2: =IFERROR("Reporting Month: "&TEXT(TODAY(),"MMMM YYYY"),"") -> Reporting Month: August 2026
A4: Side-by-side comparison across all monitored databases, with detail for the selected database below.
A6: Database | B6: Overall Availability % | C6: Planned Downtime (hrs) | D6: Unplanned Downtime (hrs) | E6: Total Incidents | F6: MTTR (mins) | G6: Backup Success % | H6: Restore Success % | I6: Replication Status | J6: Failed Backups
A7: Oracle | B7: =IFERROR(AVERAGEIFS('Availability Calculator'!$G:$G,'Availability Calculator'!$B:$B,$A7,'Availability Calculator'!$A:$A,TEXT(TODAY(),"YYYY-MM")),"No Data") -> 100 | C7: =SUMIFS('Maintenance Register'!F:F,'Maintenance Register'!A:A,">="&DATE(YEAR(TODAY()),MONTH(TODAY()),1),'Maintenance Register'!A:A,"<="&EOMONTH(TODAY(),0),'Maintenance Register'!K:K,$A7) -> 0 | D7: =SUMIFS('Incident Register'!E:E,'Incident Register'!B:B,">="&DATE(YEAR(TODAY()),MONTH(TODAY()),1),'Incident Register'!B:B,"<="&EOMONTH(TODAY(),0),'Incident Register'!F:F,"No",'Incident Register'!M:M,$A7) -> 0 | E7: =COUNTIFS('Incident Register'!B:B,">="&DATE(YEAR(TODAY()),MONTH(TODAY()),1),'Incident Register'!M:M,$A7) -> 0 | F7: =IFERROR(AVERAGEIFS('Incident Register'!E:E, 'Incident Register'!M:M, $A7, 'Incident Register'!B:B, ">="&DATE(YEAR(TODAY()), MONTH(TODAY()), 1), 'Incident Register'!B:B, "<="&EOMONTH(TODAY(), 0))*60, "No Data") -> No Data | G7: =IF(COUNTIFS('Backup & Recovery'!A:A,"Backup",'Backup & Recovery'!B:B,$A7,'Backup & Recovery'!C:C,">="&DATE(YEAR(TODAY()),MONTH(TODAY()),1))=0,"No Data",COUNTIFS('Backup & Recovery'!A:A,"Backup",'Backup & Recovery'!J:J,"Success",'Backup & Recovery'!B:B,$A7,'Backup & Recovery'!C:C,">="&DATE(YEAR(TODAY()),MONTH(TODAY()),1))/COUNTIFS('Backup & Recovery'!A:A,"Backup",'Backup & Recovery'!B:B,$A7,'Backup & Recovery'!C:C,">="&DATE(YEAR(TODAY()),MONTH(TODAY()),1))*100) -> No Data | H7: =IF(COUNTIFS('Backup & Recovery'!A:A,"Backup",'Backup & Recovery'!B:B,$A7,'Backup & Recovery'!C:C,">="&DATE(YEAR(TODAY()),MONTH(TODAY()),1),'Backup & Recovery'!C:C,"<="&EOMONTH(TODAY(),0))=0,"No Data",COUNTIFS('Backup & Recovery'!A:A,"Backup",'Backup & Recovery'!M:M,"Yes",'Backup & Recovery'!B:B,$A7,'Backup & Recovery'!C:C,">="&DATE(YEAR(TODAY()),MONTH(TODAY()),1),'Backup & Recovery'!C:C,"<="&EOMONTH(TODAY(),0))/COUNTIFS('Backup & Recovery'!A:A,"Backup",'Backup & Recovery'!B:B,$A7,'Backup & Recovery'!C:C,">="&DATE(YEAR(TODAY()),MONTH(TODAY()),1),'Backup & Recovery'!C:C,"<="&EOMONTH(TODAY(),0))*100) -> No Data | I7: =IF(COUNTIF('Replication Monitor'!I:I, "*Oracle*")=0, "No Data", IF(COUNTIFS('Replication Monitor'!I:I, "*Oracle*", 'Replication Monitor'!H:H, "*Failed*")>0, "Failed", IF(COUNTIFS('Replication Monitor'!I:I, "*Oracle*", 'Replication Monitor'!H:H, "*Lag*")>0, "Degraded", "Healthy"))) -> No Data | J7: =COUNTIFS('Backup & Recovery'!A:A,"Backup",'Backup & Recovery'!J:J,"Failed",'Backup & Recovery'!B:B,$A7,'Backup & Recovery'!C:C,">="&DATE(YEAR(TODAY()),MONTH(TODAY()),1)) -> 0
A8: MySQL | B8: =IFERROR(AVERAGEIFS('Availability Calculator'!$G:$G,'Availability Calculator'!$B:$B,$A8,'Availability Calculator'!$A:$A,TEXT(TODAY(),"YYYY-MM")),"No Data") -> 100 | C8: =SUMIFS('Maintenance Register'!F:F,'Maintenance Register'!A:A,">="&DATE(YEAR(TODAY()),MONTH(TODAY()),1),'Maintenance Register'!A:A,"<="&EOMONTH(TODAY(),0),'Maintenance Register'!K:K,$A8) -> 0 | D8: =SUMIFS('Incident Register'!E:E,'Incident Register'!B:B,">="&DATE(YEAR(TODAY()),MONTH(TODAY()),1),'Incident Register'!B:B,"<="&EOMONTH(TODAY(),0),'Incident Register'!F:F,"No",'Incident Register'!M:M,$A8) -> 0 | E8: =COUNTIFS('Incident Register'!B:B,">="&DATE(YEAR(TODAY()),MONTH(TODAY()),1),'Incident Register'!M:M,$A8) -> 0 | F8: =IFERROR(AVERAGEIFS('Incident Register'!E:E, 'Incident Register'!M:M, $A8, 'Incident Register'!B:B, ">="&DATE(YEAR(TODAY()), MONTH(TODAY()), 1), 'Incident Register'!B:B, "<="&EOMONTH(TODAY(), 0))*60, "No Data") -> No Data | G8: =IF(COUNTIFS('Backup & Recovery'!A:A,"Backup",'Backup & Recovery'!B:B,$A8,'Backup & Recovery'!C:C,">="&DATE(YEAR(TODAY()),MONTH(TODAY()),1))=0,"No Data",COUNTIFS('Backup & Recovery'!A:A,"Backup",'Backup & Recovery'!J:J,"Success",'Backup & Recovery'!B:B,$A8,'Backup & Recovery'!C:C,">="&DATE(YEAR(TODAY()),MONTH(TODAY()),1))/COUNTIFS('Backup & Recovery'!A:A,"Backup",'Backup & Recovery'!B:B,$A8,'Backup & Recovery'!C:C,">="&DATE(YEAR(TODAY()),MONTH(TODAY()),1))*100) -> 100 | H8: =IF(COUNTIFS('Backup & Recovery'!A:A,"Backup",'Backup & Recovery'!B:B,$A8,'Backup & Recovery'!C:C,">="&DATE(YEAR(TODAY()),MONTH(TODAY()),1),'Backup & Recovery'!C:C,"<="&EOMONTH(TODAY(),0))=0,"No Data",COUNTIFS('Backup & Recovery'!A:A,"Backup",'Backup & Recovery'!M:M,"Yes",'Backup & Recovery'!B:B,$A8,'Backup & Recovery'!C:C,">="&DATE(YEAR(TODAY()),MONTH(TODAY()),1),'Backup & Recovery'!C:C,"<="&EOMONTH(TODAY(),0))/COUNTIFS('Backup & Recovery'!A:A,"Backup",'Backup & Recovery'!B:B,$A8,'Backup & Recovery'!C:C,">="&DATE(YEAR(TODAY()),MONTH(TODAY()),1),'Backup & Recovery'!C:C,"<="&EOMONTH(TODAY(),0))*100) -> 0 | I8: =IF(COUNTIF('Replication Monitor'!I:I, "*MySQL*")=0, "No Data", IF(COUNTIFS('Replication Monitor'!I:I, "*MySQL*", 'Replication Monitor'!H:H, "*Failed*")>0, "Failed", IF(COUNTIFS('Replication Monitor'!I:I, "*MySQL*", 'Replication Monitor'!H:H, "*Lag*")>0, "Degraded", "Healthy"))) -> Healthy | J8: =COUNTIFS('Backup & Recovery'!A:A,"Backup",'Backup & Recovery'!J:J,"Failed",'Backup & Recovery'!B:B,$A8,'Backup & Recovery'!C:C,">="&DATE(YEAR(TODAY()),MONTH(TODAY()),1)) -> 0
A9: MS SQL Server | B9: =IFERROR(AVERAGEIFS('Availability Calculator'!$G:$G,'Availability Calculator'!$B:$B,$A9,'Availability Calculator'!$A:$A,TEXT(TODAY(),"YYYY-MM")),"No Data") -> 100 | C9: =SUMIFS('Maintenance Register'!F:F,'Maintenance Register'!A:A,">="&DATE(YEAR(TODAY()),MONTH(TODAY()),1),'Maintenance Register'!A:A,"<="&EOMONTH(TODAY(),0),'Maintenance Register'!K:K,$A9) -> 0 | D9: =SUMIFS('Incident Register'!E:E,'Incident Register'!B:B,">="&DATE(YEAR(TODAY()),MONTH(TODAY()),1),'Incident Register'!B:B,"<="&EOMONTH(TODAY(),0),'Incident Register'!F:F,"No",'Incident Register'!M:M,$A9) -> 0 | E9: =COUNTIFS('Incident Register'!B:B,">="&DATE(YEAR(TODAY()),MONTH(TODAY()),1),'Incident Register'!M:M,$A9) -> 0 | F9: =IFERROR(AVERAGEIFS('Incident Register'!E:E, 'Incident Register'!M:M, $A9, 'Incident Register'!B:B, ">="&DATE(YEAR(TODAY()), MONTH(TODAY()), 1), 'Incident Register'!B:B, "<="&EOMONTH(TODAY(), 0))*60, "No Data") -> No Data | G9: =IF(COUNTIFS('Backup & Recovery'!A:A,"Backup",'Backup & Recovery'!B:B,$A9,'Backup & Recovery'!C:C,">="&DATE(YEAR(TODAY()),MONTH(TODAY()),1))=0,"No Data",COUNTIFS('Backup & Recovery'!A:A,"Backup",'Backup & Recovery'!J:J,"Success",'Backup & Recovery'!B:B,$A9,'Backup & Recovery'!C:C,">="&DATE(YEAR(TODAY()),MONTH(TODAY()),1))/COUNTIFS('Backup & Recovery'!A:A,"Backup",'Backup & Recovery'!B:B,$A9,'Backup & Recovery'!C:C,">="&DATE(YEAR(TODAY()),MONTH(TODAY()),1))*100) -> No Data | H9: =IF(COUNTIFS('Backup & Recovery'!A:A,"Backup",'Backup & Recovery'!B:B,$A9,'Backup & Recovery'!C:C,">="&DATE(YEAR(TODAY()),MONTH(TODAY()),1),'Backup & Recovery'!C:C,"<="&EOMONTH(TODAY(),0))=0,"No Data",COUNTIFS('Backup & Recovery'!A:A,"Backup",'Backup & Recovery'!M:M,"Yes",'Backup & Recovery'!B:B,$A9,'Backup & Recovery'!C:C,">="&DATE(YEAR(TODAY()),MONTH(TODAY()),1),'Backup & Recovery'!C:C,"<="&EOMONTH(TODAY(),0))/COUNTIFS('Backup & Recovery'!A:A,"Backup",'Backup & Recovery'!B:B,$A9,'Backup & Recovery'!C:C,">="&DATE(YEAR(TODAY()),MONTH(TODAY()),1),'Backup & Recovery'!C:C,"<="&EOMONTH(TODAY(),0))*100) -> No Data | I9: =IF(COUNTIF('Replication Monitor'!I:I, "*MS SQL Server*")=0, "No Data", IF(COUNTIFS('Replication Monitor'!I:I, "*MS SQL Server*", 'Replication Monitor'!H:H, "*Failed*")>0, "Failed", IF(COUNTIFS('Replication Monitor'!I:I, "*MS SQL Server*", 'Replication Monitor'!H:H, "*Lag*")>0, "Degraded", "Healthy"))) -> No Data | J9: =COUNTIFS('Backup & Recovery'!A:A,"Backup",'Backup & Recovery'!J:J,"Failed",'Backup & Recovery'!B:B,$A9,'Backup & Recovery'!C:C,">="&DATE(YEAR(TODAY()),MONTH(TODAY()),1)) -> 0
A10: PostgreSQL | B10: =IFERROR(AVERAGEIFS('Availability Calculator'!$G:$G,'Availability Calculator'!$B:$B,$A10,'Availability Calculator'!$A:$A,TEXT(TODAY(),"YYYY-MM")),"No Data") -> 100 | C10: =SUMIFS('Maintenance Register'!F:F,'Maintenance Register'!A:A,">="&DATE(YEAR(TODAY()),MONTH(TODAY()),1),'Maintenance Register'!A:A,"<="&EOMONTH(TODAY(),0),'Maintenance Register'!K:K,$A10) -> 0 | D10: =SUMIFS('Incident Register'!E:E,'Incident Register'!B:B,">="&DATE(YEAR(TODAY()),MONTH(TODAY()),1),'Incident Register'!B:B,"<="&EOMONTH(TODAY(),0),'Incident Register'!F:F,"No",'Incident Register'!M:M,$A10) -> 0 | E10: =COUNTIFS('Incident Register'!B:B,">="&DATE(YEAR(TODAY()),MONTH(TODAY()),1),'Incident Register'!M:M,$A10) -> 0 | F10: =IFERROR(AVERAGEIFS('Incident Register'!E:E, 'Incident Register'!M:M, $A10, 'Incident Register'!B:B, ">="&DATE(YEAR(TODAY()), MONTH(TODAY()), 1), 'Incident Register'!B:B, "<="&EOMONTH(TODAY(), 0))*60, "No Data") -> No Data | G10: =IF(COUNTIFS('Backup & Recovery'!A:A,"Backup",'Backup & Recovery'!B:B,$A10,'Backup & Recovery'!C:C,">="&DATE(YEAR(TODAY()),MONTH(TODAY()),1))=0,"No Data",COUNTIFS('Backup & Recovery'!A:A,"Backup",'Backup & Recovery'!J:J,"Success",'Backup & Recovery'!B:B,$A10,'Backup & Recovery'!C:C,">="&DATE(YEAR(TODAY()),MONTH(TODAY()),1))/COUNTIFS('Backup & Recovery'!A:A,"Backup",'Backup & Recovery'!B:B,$A10,'Backup & Recovery'!C:C,">="&DATE(YEAR(TODAY()),MONTH(TODAY()),1))*100) -> No Data | H10: =IF(COUNTIFS('Backup & Recovery'!A:A,"Backup",'Backup & Recovery'!B:B,$A10,'Backup & Recovery'!C:C,">="&DATE(YEAR(TODAY()),MONTH(TODAY()),1),'Backup & Recovery'!C:C,"<="&EOMONTH(TODAY(),0))=0,"No Data",COUNTIFS('Backup & Recovery'!A:A,"Backup",'Backup & Recovery'!M:M,"Yes",'Backup & Recovery'!B:B,$A10,'Backup & Recovery'!C:C,">="&DATE(YEAR(TODAY()),MONTH(TODAY()),1),'Backup & Recovery'!C:C,"<="&EOMONTH(TODAY(),0))/COUNTIFS('Backup & Recovery'!A:A,"Backup",'Backup & Recovery'!B:B,$A10,'Backup & Recovery'!C:C,">="&DATE(YEAR(TODAY()),MONTH(TODAY()),1),'Backup & Recovery'!C:C,"<="&EOMONTH(TODAY(),0))*100) -> No Data | I10: =IF(COUNTIF('Replication Monitor'!I:I, "*PostgreSQL*")=0, "No Data", IF(COUNTIFS('Replication Monitor'!I:I, "*PostgreSQL*", 'Replication Monitor'!H:H, "*Failed*")>0, "Failed", IF(COUNTIFS('Replication Monitor'!I:I, "*PostgreSQL*", 'Replication Monitor'!H:H, "*Lag*")>0, "Degraded", "Healthy"))) -> No Data | J10: =COUNTIFS('Backup & Recovery'!A:A,"Backup",'Backup & Recovery'!J:J,"Failed",'Backup & Recovery'!B:B,$A10,'Backup & Recovery'!C:C,">="&DATE(YEAR(TODAY()),MONTH(TODAY()),1)) -> 0
A13: Database Detail
A14: =IFERROR("Showing: "&B2,"") -> Showing: All Databases
A16: Metric | B16: Overall Availability | C16: Planned Downtime (hrs) | D16: Unplanned Downtime (hrs) | E16: Total Incidents | F16: MTTR | G16: Backup Success Rate | H16: Restore Success Rate | I16: Replication Status | J16: Last Successful Full Backup | K16: Last Successful Incremental Backup | L16: Last DR Test | M16: Failed Backups | N16: Failed Restore Tests | O16: Replication Lag
A17: Current | B17: =_xlfn.IFS($B$2="All Databases",AVERAGE($B$7:$B$10)/100,$B$2="Oracle",IF(ISNUMBER($B$7),$B$7/100,"No Data"),$B$2="MySQL",IF(ISNUMBER($B$8),$B$8/100,"No Data"),$B$2="MS SQL Server",IF(ISNUMBER($B$9),$B$9/100,"No Data"),$B$2="PostgreSQL",IF(ISNUMBER($B$10),$B$10/100,"No Data")) -> 1 | C17: =IF($B$2="All Databases",SUMIFS('Maintenance Register'!F:F,'Maintenance Register'!A:A,">="&DATE(YEAR(TODAY()),MONTH(TODAY()),1)),SUMIFS('Maintenance Register'!F:F,'Maintenance Register'!A:A,">="&DATE(YEAR(TODAY()),MONTH(TODAY()),1),'Maintenance Register'!J:J,$B$2)) -> 0 | D17: =SUMIFS('Incident Register'!E:E,'Incident Register'!B:B,">="&DATE(YEAR(TODAY()),MONTH(TODAY()),1),'Incident Register'!B:B,"<="&EOMONTH(TODAY(),0),'Incident Register'!F:F,"No",'Incident Register'!M:M,$A7) -> 0 | E17: =IF($B$2="All Databases",COUNTIFS('Incident Register'!B:B,">="&DATE(YEAR(TODAY()),MONTH(TODAY()),1)),COUNTIFS('Incident Register'!B:B,">="&DATE(YEAR(TODAY()),MONTH(TODAY()),1),'Incident Register'!M:M,$B$2)) -> 0 | F17: =IFERROR(IF($B$2="All Databases", AVERAGEIFS('Incident Register'!E:E, 'Incident Register'!B:B, ">="&DATE(YEAR(TODAY()), MONTH(TODAY()), 1), 'Incident Register'!B:B, "<="&EOMONTH(TODAY(), 0))*60, AVERAGEIFS('Incident Register'!E:E, 'Incident Register'!M:M, $B$2, 'Incident Register'!B:B, ">="&DATE(YEAR(TODAY()), MONTH(TODAY()), 1), 'Incident Register'!B:B, "<="&EOMONTH(TODAY(), 0))*60), "No Data") -> No Data | G17: =IF($B$2="All Databases",IF(COUNTIFS('Backup & Recovery'!A:A,"Backup",'Backup & Recovery'!C:C,">="&DATE(YEAR(TODAY()),MONTH(TODAY()),1))=0,"No Data",COUNTIFS('Backup & Recovery'!A:A,"Backup",'Backup & Recovery'!J:J,"Success",'Backup & Recovery'!C:C,">="&DATE(YEAR(TODAY()),MONTH(TODAY()),1))/COUNTIFS('Backup & Recovery'!A:A,"Backup",'Backup & Recovery'!C:C,">="&DATE(YEAR(TODAY()),MONTH(TODAY()),1))*100),IF(COUNTIFS('Backup & Recovery'!A:A,"Backup",'Backup & Recovery'!B:B,$B$2,'Backup & Recovery'!C:C,">="&DATE(YEAR(TODAY()),MONTH(TODAY()),1))=0,"No Data",COUNTIFS('Backup & Recovery'!A:A,"Backup",'Backup & Recovery'!J:J,"Success",'Backup & Recovery'!B:B,$B$2,'Backup & Recovery'!C:C,">="&DATE(YEAR(TODAY()),MONTH(TODAY()),1))/COUNTIFS('Backup & Recovery'!A:A,"Backup",'Backup & Recovery'!B:B,$B$2,'Backup & Recovery'!C:C,">="&DATE(YEAR(TODAY()),MONTH(TODAY()),1))*100)) -> 100 | H17: =IF($B$2="All Databases", IF(COUNTIFS('Backup & Recovery'!A:A,"Restore Test",'Backup & Recovery'!C:C,">="&DATE(YEAR(TODAY()),MONTH(TODAY()),1))=0, "No Data", SUM(COUNTIFS('Backup & Recovery'!A:A,"Restore Test",'Backup & Recovery'!J:J,{"Pass","Success"},'Backup & Recovery'!C:C,">="&DATE(YEAR(TODAY()),MONTH(TODAY()),1))) / COUNTIFS('Backup & Recovery'!A:A,"Restore Test",'Backup & Recovery'!C:C,">="&DATE(YEAR(TODAY()),MONTH(TODAY()),1)) * 100 ), IF(COUNTIFS('Backup & Recovery'!A:A,"Restore Test",'Backup & Recovery'!B:B,$B$2,'Backup & Recovery'!C:C,">="&DATE(YEAR(TODAY()),MONTH(TODAY()),1))=0, "No Data", SUM(COUNTIFS('Backup & Recovery'!A:A,"Restore Test",'Backup & Recovery'!J:J,{"Pass","Success"},'Backup & Recovery'!B:B,$B$2,'Backup & Recovery'!C:C,">="&DATE(YEAR(TODAY()),MONTH(TODAY()),1))) / COUNTIFS('Backup & Recovery'!A:A,"Restore Test",'Backup & Recovery'!B:B,$B$2,'Backup & Recovery'!C:C,">="&DATE(YEAR(TODAY()),MONTH(TODAY()),1)) * 100 ) ) -> No Data | I17: =IF($B$2="All Databases",IF(COUNTIFS('Replication Monitor'!H:H,"Failed")>0,"Failed",IF(COUNTIFS('Replication Monitor'!H:H,"Degraded")>0,"Degraded","Healthy")),IF(COUNTIFS('Replication Monitor'!H:H,"Failed",'Replication Monitor'!I:I,$B$2)>0,"Failed",IF(COUNTIFS('Replication Monitor'!H:H,"Degraded",'Replication Monitor'!I:I,$B$2)>0,"Degraded",IF(COUNTIFS('Replication Monitor'!I:I,$B$2)=0,"No Data","Healthy")))) -> Healthy | J17: =IF($B$2="All Databases",IF(COUNTIFS('Backup & Recovery'!A:A,"Backup",'Backup & Recovery'!E:E,"Full",'Backup & Recovery'!J:J,"Success")=0,"No Data",_xlfn.MAXIFS('Backup & Recovery'!C:C,'Backup & Recovery'!A:A,"Backup",'Backup & Recovery'!E:E,"Full",'Backup & Recovery'!J:J,"Success")),IF(COUNTIFS('Backup & Recovery'!A:A,"Backup",'Backup & Recovery'!E:E,"Full",'Backup & Recovery'!J:J,"Success",'Backup & Recovery'!B:B,$B$2)=0,"No Data",_xlfn.MAXIFS('Backup & Recovery'!C:C,'Backup & Recovery'!A:A,"Backup",'Backup & Recovery'!E:E,"Full",'Backup & Recovery'!J:J,"Success",'Backup & Recovery'!B:B,$B$2))) -> 46235 | K17: =IF($B$2="All Databases",IF(COUNTIFS('Backup & Recovery'!A:A,"Backup",'Backup & Recovery'!E:E,"Incremental",'Backup & Recovery'!J:J,"Success")=0,"No Data",_xlfn.MAXIFS('Backup & Recovery'!C:C,'Backup & Recovery'!A:A,"Backup",'Backup & Recovery'!E:E,"Incremental",'Backup & Recovery'!J:J,"Success")),IF(COUNTIFS('Backup & Recovery'!A:A,"Backup",'Backup & Recovery'!E:E,"Incremental",'Backup & Recovery'!J:J,"Success",'Backup & Recovery'!B:B,$B$2)=0,"No Data",_xlfn.MAXIFS('Backup & Recovery'!C:C,'Backup & Recovery'!A:A,"Backup",'Backup & Recovery'!E:E,"Incremental",'Backup & Recovery'!J:J,"Success",'Backup & Recovery'!B:B,$B$2))) -> 46236 | L17: =IF($B$2="All Databases",IF(COUNTIFS('Backup & Recovery'!A:A,"Restore Test",'Backup & Recovery'!J:J,"Pass")=0,"No Data",_xlfn.MAXIFS('Backup & Recovery'!C:C,'Backup & Recovery'!A:A,"Restore Test",'Backup & Recovery'!J:J,"Pass")),IF(COUNTIFS('Backup & Recovery'!A:A,"Restore Test",'Backup & Recovery'!J:J,"Pass",'Backup & Recovery'!B:B,$B$2)=0,"No Data",_xlfn.MAXIFS('Backup & Recovery'!C:C,'Backup & Recovery'!A:A,"Restore Test",'Backup & Recovery'!J:J,"Pass",'Backup & Recovery'!B:B,$B$2))) -> No Data | M17: =IF($B$2="All Databases",IF(COUNTIFS('Backup & Recovery'!A:A,"Backup",'Backup & Recovery'!C:C,">="&DATE(YEAR(TODAY()),MONTH(TODAY()),1))=0,"No Data",COUNTIFS('Backup & Recovery'!A:A,"Backup",'Backup & Recovery'!J:J,"Failed",'Backup & Recovery'!C:C,">="&DATE(YEAR(TODAY()),MONTH(TODAY()),1))),IF(COUNTIFS('Backup & Recovery'!A:A,"Backup",'Backup & Recovery'!B:B,$B$2,'Backup & Recovery'!C:C,">="&DATE(YEAR(TODAY()),MONTH(TODAY()),1))=0,"No Data",COUNTIFS('Backup & Recovery'!A:A,"Backup",'Backup & Recovery'!J:J,"Failed",'Backup & Recovery'!B:B,$B$2,'Backup & Recovery'!C:C,">="&DATE(YEAR(TODAY()),MONTH(TODAY()),1)))) -> 0 | N17: =IF($B$2="All Databases",IF(COUNTIFS('Backup & Recovery'!A:A,"Restore Test",'Backup & Recovery'!C:C,">="&DATE(YEAR(TODAY()),MONTH(TODAY()),1))=0,"No Data",COUNTIFS('Backup & Recovery'!A:A,"Restore Test",'Backup & Recovery'!J:J,"Fail",'Backup & Recovery'!C:C,">="&DATE(YEAR(TODAY()),MONTH(TODAY()),1))),IF(COUNTIFS('Backup & Recovery'!A:A,"Restore Test",'Backup & Recovery'!B:B,$B$2,'Backup & Recovery'!C:C,">="&DATE(YEAR(TODAY()),MONTH(TODAY()),1))=0,"No Data",COUNTIFS('Backup & Recovery'!A:A,"Restore Test",'Backup & Recovery'!J:J,"Fail",'Backup & Recovery'!B:B,$B$2,'Backup & Recovery'!C:C,">="&DATE(YEAR(TODAY()),MONTH(TODAY()),1)))) -> No Data | O17: =IF($B$2="All Databases",IF(COUNTA('Replication Monitor'!I:I)-1=0,"No Data",MAX('Replication Monitor'!F:F)),IF(COUNTIFS('Replication Monitor'!I:I,$B$2)=0,"No Data",_xlfn.MAXIFS('Replication Monitor'!F:F,'Replication Monitor'!I:I,$B$2))) -> 0
A18: Target | B18: ≥ 99.95% | C18: ≤ 48 hrs | D18: ≤ 2 hrs | E18: ≤ 4/month | F18: ≤ 4 hrs | G18: ≥ 95% | H18: ≥ 80% | I18: Healthy | J18: < 7 days | K18: < 24 hrs | L18: < 12 months | M18: 0 | N18: 0 | O18: <2 minutes
A19: Status | B19: =IF(B17="No Data","N/A",IF(B17>=0.9995,"Meets SLA",IF(B17>=0.97,"Marginal","Below SLA"))) -> Meets SLA | C19: =IF(C17<=48,"Meets SLA",IF(C17<=49,"Marginal","Below SLA")) -> Meets SLA | D19: =IF(D17<=1.6,"Meets SLA",IF(D17<=2,"Marginal","Below SLA")) -> Meets SLA | E19: =IF(E17<=4,"Meets SLA",IF(E17<=5,"Marginal","Below SLA")) -> Meets SLA | F19: =IF(F17="No Data","N/A",IF(F17<=96,"Meets SLA",IF(F17<=240,"Marginal","Below SLA"))) -> N/A | G19: =IF(G17="No Data","N/A",IF(G17>=95,"Meets SLA",IF(G17>=90,"Marginal","Below SLA"))) -> Meets SLA | H19: =IF(H17="No Data","N/A",IF(H17>=80,"Meets SLA",IF(H17>=75,"Marginal","Below SLA"))) -> N/A | I19: =IF(I17="Healthy","Meets SLA",IF(I17="Degraded","Marginal",IF(I17="No Data","N/A","Below SLA"))) -> Meets SLA | J19: =IF(J17="No Data","N/A",IF(TODAY()-J17<=7,"Meets SLA",IF(TODAY()-J17<=10,"Marginal","Below SLA"))) -> Meets SLA | K19: =IF(K17="No Data","N/A",IF(TODAY()-K17<=1,"Meets SLA",IF(TODAY()-K17<=2,"Marginal","Below SLA"))) -> Meets SLA | L19: =IF(L17="No Data","N/A",IF(DATEDIF(L17,TODAY(),"m")<12,"Meets SLA",IF(DATEDIF(L17,TODAY(),"m")<14,"Marginal","Below SLA"))) -> N/A | M19: =IF(M17="No Data","N/A",IF(M17<=0,"Meets SLA","Below SLA")) -> Meets SLA | N19: =IF(N17="No Data","N/A",IF(N17=0,"Meets SLA","Below SLA")) -> N/A | O19: =IF(O17="No Data","N/A",IF(O17<24,"Meets SLA",IF(O17<2,"Marginal","Below SLA"))) -> Meets SLA
A22: Incident Status Breakdown
A23: =IFERROR("This month, "&B2,"") -> This month, All Databases
A25: Database | B25: Open | C25: In Progress | D25: Resolved | E25: Closed | F25: On Hold | G25: Total
A26: =IF($B$2="All Databases","All Databases",$B$2) -> All Databases | B26: =IF($B$2="All Databases",COUNTIFS('Incident Register'!B:B,">="&DATE(YEAR(TODAY()),MONTH(TODAY()),1),'Incident Register'!L:L,"Open"),COUNTIFS('Incident Register'!B:B,">="&DATE(YEAR(TODAY()),MONTH(TODAY()),1),'Incident Register'!L:L,"Open",'Incident Register'!M:M,$B$2)) -> 0 | C26: =IF($B$2="All Databases",COUNTIFS('Incident Register'!B:B,">="&DATE(YEAR(TODAY()),MONTH(TODAY()),1),'Incident Register'!L:L,"In Progress"),COUNTIFS('Incident Register'!B:B,">="&DATE(YEAR(TODAY()),MONTH(TODAY()),1),'Incident Register'!L:L,"In Progress",'Incident Register'!M:M,$B$2)) -> 0 | D26: =IF($B$2="All Databases",COUNTIFS('Incident Register'!B:B,">="&DATE(YEAR(TODAY()),MONTH(TODAY()),1),'Incident Register'!L:L,"Resolved"),COUNTIFS('Incident Register'!B:B,">="&DATE(YEAR(TODAY()),MONTH(TODAY()),1),'Incident Register'!L:L,"Resolved",'Incident Register'!M:M,$B$2)) -> 0 | E26: =IF($B$2="All Databases",COUNTIFS('Incident Register'!B:B,">="&DATE(YEAR(TODAY()),MONTH(TODAY()),1),'Incident Register'!L:L,"Closed"),COUNTIFS('Incident Register'!B:B,">="&DATE(YEAR(TODAY()),MONTH(TODAY()),1),'Incident Register'!L:L,"Closed",'Incident Register'!M:M,$B$2)) -> 0 | F26: =IF($B$2="All Databases",COUNTIFS('Incident Register'!B:B,">="&DATE(YEAR(TODAY()),MONTH(TODAY()),1),'Incident Register'!L:L,"On Hold"),COUNTIFS('Incident Register'!B:B,">="&DATE(YEAR(TODAY()),MONTH(TODAY()),1),'Incident Register'!L:L,"On Hold",'Incident Register'!M:M,$B$2)) -> 0 | G26: =SUM(B26:F26) -> 0
A29: Last Updated | B29: =NOW() -> 46237.373

Sheet Incident Register
A1: Ticket | B1: Date | C1: Start | D1: End | E1: Duration (hrs) | F1: Planned | G1: Severity | H1: System | I1: Root Cause | J1: Business Impact | K1: Resolved By | L1: Status | M1: Database
A2: AUTO-SELF-HEAL-260701-0925 | B2: 46204 | C2: 0.26796296 | D2: 0.2684375 | E2: 0 | F2: No | G2: Low | H2: nickledbnew | I2: AUTO-LOGGED: Graceful Restart detected._x000D_ _x000D_ DBA Summary: [UNPLANNED MAINTENANCE - CLEAN RESTART]_x000D_ WARNING: This graceful restart occurred OUTSIDE of a scheduled maintenance window._x000D_ A system administrator or update script initiated a graceful shutdown and restart of the database service._x000D_ The service stopped cleanly and started back up._x000D_ _x000D_ Raw Journal Logs:_x000D_ Jul 01 09:25:52 nickledbnew systemd[1]: Stopping mysql.service - MySQL Community Server..._x000D_ Jul 01 09:26:17 nickledbnew systemd[1]: mysql.service: Deactivated successfully._x000D_ Jul 01 09:26:17 nickledbnew systemd[1]: Stopped mysql.service - MySQL Community Server._x000D_ Jul 01 09:26:17 nickledbnew systemd[1]: mysql.service: Consumed 6d 12h 57min 10.125s CPU time._x000D_ Jul 01 09:26:17 nickledbnew systemd[1]: Starting mysql.service - MySQL Community Server..._x000D_ Jul 01 09:26:33 nickledbnew systemd[1]: Started mysql.service - MySQL Community Server. | J2: System self-healed | K2: System | L2: Closed | M2: MySQL
A3: AUTO-SELF-HEAL-260703-1631 | B3: 46206 | C3: 0.56364583 | D3: 0.56572917 | E3: 0.05 | F3: No | G3: Low | H3: nickledbnew | I3: AUTO-LOGGED: Graceful Restart detected._x000D_ _x000D_ DBA Summary: [UNPLANNED MAINTENANCE - CLEAN RESTART]_x000D_ WARNING: This graceful restart occurred OUTSIDE of a scheduled maintenance window._x000D_ A system administrator or update script initiated a graceful shutdown and restart of the database service._x000D_ The service stopped cleanly and started back up._x000D_ _x000D_ Raw Journal Logs:_x000D_ Jul 03 16:31:39 nickledbnew systemd[1]: Stopping mysql.service - MySQL Community Server..._x000D_ Jul 03 16:34:31 nickledbnew systemd[1]: mysql.service: Deactivated successfully._x000D_ Jul 03 16:34:31 nickledbnew systemd[1]: Stopped mysql.service - MySQL Community Server._x000D_ Jul 03 16:34:31 nickledbnew systemd[1]: mysql.service: Consumed 1w 2d 3h 52min 13.132s CPU time, 29.1G memory peak, 1.3G memory swap peak._x000D_ Jul 03 16:34:31 nickledbnew systemd[1]: Starting mysql.service - MySQL Community Server..._x000D_ Jul 03 16:34:39 nickledbnew systemd[1]: Started mysql.service - MySQL Community Server. | J3: System self-healed | K3: System | L3: Closed | M3: MySQL
A4: AUTO-SELF-HEAL-260728-0645 | B4: 46231 | C4: 0.15638889 | D4: 0.1571412 | E4: 0 | F4: No | G4: Low | H4: nickledbnew | I4: AUTO-LOGGED: Graceful Restart detected._x000D_ _x000D_ DBA Summary: [UNPLANNED MAINTENANCE - CLEAN RESTART]_x000D_ WARNING: This graceful restart occurred OUTSIDE of a scheduled maintenance window._x000D_ A system administrator or update script initiated a graceful shutdown and restart of the database service._x000D_ The service stopped cleanly and started back up._x000D_ _x000D_ Raw Journal Logs:_x000D_ Jul 28 06:45:12 nickledbnew systemd[1]: Stopping mysql.service - MySQL Community Server..._x000D_ Jul 28 06:46:09 nickledbnew systemd[1]: mysql.service: Deactivated successfully._x000D_ Jul 28 06:46:09 nickledbnew systemd[1]: Stopped mysql.service - MySQL Community Server._x000D_ Jul 28 06:46:09 nickledbnew systemd[1]: mysql.service: Consumed 1month 1w 20h 11min 27.967s CPU time, 29.4G memory peak, 17.1G memory swap peak._x000D_ Jul 28 06:46:09 nickledbnew systemd[1]: Starting mysql.service - MySQL Community Server..._x000D_ Jul 28 06:46:17 nickledbnew systemd[1]: Started mysql.service - MySQL Community Server. | J4: System self-healed | K4: System | L4: Closed | M4: MySQL
A5: AUTO-SELF-HEAL-260731-0630 | B5: 46234 | C5: 0.14625 | D5: 0.1465625 | E5: 0 | F5: No | G5: Low | H5: nickledbnew | I5: AUTO-LOGGED: Graceful Restart detected._x000D_ _x000D_ DBA Summary: [UNPLANNED MAINTENANCE - CLEAN RESTART]_x000D_ WARNING: This graceful restart occurred OUTSIDE of a scheduled maintenance window._x000D_ A system administrator or update script initiated a graceful shutdown and restart of the database service._x000D_ The service stopped cleanly and started back up._x000D_ _x000D_ Raw Journal Logs:_x000D_ Jul 31 06:30:36 nickledbnew systemd[1]: Stopping mysql.service - MySQL Community Server..._x000D_ Jul 31 06:30:55 nickledbnew systemd[1]: mysql.service: Deactivated successfully._x000D_ Jul 31 06:30:55 nickledbnew systemd[1]: Stopped mysql.service - MySQL Community Server._x000D_ Jul 31 06:30:55 nickledbnew systemd[1]: mysql.service: Consumed 5d 12h 26min 7.241s CPU time, 21.3G memory peak, 0B memory swap peak._x000D_ Jul 31 06:30:55 nickledbnew systemd[1]: Starting mysql.service - MySQL Community Server..._x000D_ Jul 31 06:31:03 nickledbnew systemd[1]: Started mysql.service - MySQL Community Server. | J5: System self-healed | K5: System | L5: Closed | M5: MySQL
A6: AUTO-SELF-HEAL-260730-1849 | B6: 46233 | C6: 0.78418981 | D6: 0.78552083 | E6: 0 | F6: No | G6: Medium | H6: nmsinfra (DB) | I6: AUTO-LOGGED: Oracle Database outage detected by OEM. DBA Summary: [CRITICAL OUTAGE - SERVICE DOWN] Oracle Enterprise Manager (OEM) registered a 'Target Down' event for the target 'INFRA_nmsinfra.nms.go.ug'. The service was offline during this period. | J6: Awaiting DBA business impact assessment. | K6: System | L6: Closed | M6: Oracle
A7: AUTO-SELF-HEAL-260730-1848 | B7: 46233 | C7: 0.78335648 | D7: 0.78418981 | E7: 0 | F7: No | G7: Medium | H7: nmsinfra (DB) | I7: AUTO-LOGGED: Oracle Database outage detected by OEM. DBA Summary: [CRITICAL OUTAGE - SERVICE DOWN] Oracle Enterprise Manager (OEM) registered a 'Agent Down' event for the target 'INFRA_nmsinfra.nms.go.ug'. The service was offline during this period. | J7: Awaiting DBA business impact assessment. | K7: System | L7: Closed | M7: Oracle
A8: AUTO-SELF-HEAL-260730-1846 | B8: 46233 | C8: 0.78233796 | D8: 0.78335648 | E8: 0 | F8: No | G8: Medium | H8: nmsinfra (DB) | I8: AUTO-LOGGED: Oracle Database outage detected by OEM. DBA Summary: [CRITICAL OUTAGE - SERVICE DOWN] Oracle Enterprise Manager (OEM) registered a 'Target Down' event for the target 'INFRA_nmsinfra.nms.go.ug'. The service was offline during this period. | J8: Awaiting DBA business impact assessment. | K8: System | L8: Closed | M8: Oracle
A9: AUTO-SELF-HEAL-260730-1845 | B9: 46233 | C9: 0.7816088 | D9: 0.78195602 | E9: 0 | F9: No | G9: Medium | H9: nmsebs (App) | I9: AUTO-LOGGED: EBS Application Server Host outage detected by OEM. DBA Summary: [CRITICAL OUTAGE - SERVICE DOWN] Oracle Enterprise Manager (OEM) registered a 'Agent Down' event for the target 'nmsebs.nms.go.ug'. The service was offline during this period. | J9: Awaiting DBA business impact assessment. | K9: System | L9: Closed | M9: Oracle
A10: AUTO-SELF-HEAL-260726-0654 | B10: 46229 | C10: 0.28810185 | D10: 0.2903125 | E10: 0 | F10: No | G10: Medium | H10: nmsinfra (DB) | I10: AUTO-LOGGED: Oracle Database outage detected by OEM. DBA Summary: [CRITICAL OUTAGE - SERVICE DOWN] Oracle Enterprise Manager (OEM) registered a 'Target Down' event for the target 'INFRA_nmsinfra.nms.go.ug'. The service was offline during this period. | J10: Awaiting DBA business impact assessment. | K10: System | L10: Closed | M10: Oracle
A11: AUTO-SELF-HEAL-260726-0653 | B11: 46229 | C11: 0.28681713 | D11: 0.28810185 | E11: 0 | F11: No | G11: Medium | H11: nmsinfra (DB) | I11: AUTO-LOGGED: Oracle Database outage detected by OEM. DBA Summary: [CRITICAL OUTAGE - SERVICE DOWN] Oracle Enterprise Manager (OEM) registered a 'Agent Down' event for the target 'INFRA_nmsinfra.nms.go.ug'. The service was offline during this period. | J11: Awaiting DBA business impact assessment. | K11: System | L11: Closed | M11: Oracle
A12: AUTO-SELF-HEAL-260726-0650 | B12: 46229 | C12: 0.28474537 | D12: 0.28681713 | E12: 0 | F12: No | G12: Medium | H12: nmsinfra (DB) | I12: AUTO-LOGGED: Oracle Database outage detected by OEM. DBA Summary: [CRITICAL OUTAGE - SERVICE DOWN] Oracle Enterprise Manager (OEM) registered a 'Target Down' event for the target 'INFRA_nmsinfra.nms.go.ug'. The service was offline during this period. | J12: Awaiting DBA business impact assessment. | K12: System | L12: Closed | M12: Oracle
A13: AUTO-SELF-HEAL-260726-0649 | B13: 46229 | C13: 0.28409722 | D13: 0.28498843 | E13: 0 | F13: No | G13: Medium | H13: wa | I13: AUTO-LOGGED: EBS Application Server Host outage detected by OEM. DBA Summary: [CRITICAL OUTAGE - SERVICE DOWN] Oracle Enterprise Manager (OEM) registered a 'Agent Down' event for the target 'nmsebs.nms.go.ug'. The service was offline during this period. | J13: Awaiting DBA business impact assessment. | K13: System | L13: Closed | M13: Oracle
... A19: AUTO-SELF-HEAL-260730-1845 | B19: 46233 | C19: 0.6566088 | D19: 0.65695602 | E19: 0.0083 | F19: Yes | G19: Low | H19: nmsebs (App) | I19: AUTO-LOGGED: EBS Application Server Host outage detected by OEM._x000D_ _x000D_ DBA Summary: [CRITICAL OUTAGE - SERVICE DOWN]_x000D_ Oracle Enterprise Manager (OEM) registered a 'Agent Down' event for the target 'nmsebs.nms.go.ug'._x000D_ The service was offline during this period. | J19: Awaiting DBA business impact assessment. | K19: System | L19: Closed | M19: Oracle

Sheet Replication Monitor
A1: Check Date | B1: Master | C1: Replica | D1: IO Thread | E1: SQL Thread | F1: Seconds Behind | G1: Last Error | H1: Health Status | I1: Database | J1: Severity
A2: 46224 | B2: 192.168.35.46 | C2: nickeldbdr | D2: Yes | E2: Yes | F2: 0 | H2: Healthy | I2: MySQL | J2: Low
A3: 46224 | B3: 192.168.35.46 | C3: nickeldbdr | D3: Yes | E3: Yes | F3: 0 | H3: Healthy | I3: MySQL | J3: Low
A4: 46224 | B4: 192.168.35.46 | C4: nickeldbdr | D4: Yes | E4: Yes | F4: 0 | H4: Healthy | I4: MySQL | J4: Low
A5: 46224 | B5: 192.168.35.46 | C5: nickeldbdr | D5: Yes | E5: Yes | F5: 0 | H5: Healthy | I5: MySQL | J5: Low
A6: 46224 | B6: 192.168.35.46 | C6: nickeldbdr | D6: Yes | E6: Yes | F6: 0 | H6: Healthy | I6: MySQL | J6: Low
A7: 46224 | B7: 192.168.35.46 | C7: nickeldbdr | D7: Yes | E7: Yes | F7: 0 | H7: Healthy | I7: MySQL | J7: Low
A8: 46224 | B8: 192.168.35.46 | C8: nickeldbdr | D8: Yes | E8: Yes | F8: 0 | H8: Healthy | I8: MySQL | J8: Low
A9: 46224 | B9: 192.168.35.46 | C9: nickeldbdr | D9: Yes | E9: Yes | F9: 0 | H9: Healthy | I9: MySQL | J9: Low
A10: 46224 | B10: 192.168.35.46 | C10: nickeldbdr | D10: Yes | E10: Yes | F10: 0 | H10: Healthy | I10: MySQL | J10: Low
A11: 46224 | B11: 192.168.35.46 | C11: nickeldbdr | D11: Yes | E11: Yes | F11: 0 | H11: Healthy | I11: MySQL | J11: Low
A12: 46224 | B12: 192.168.35.46 | C12: nickeldbdr | D12: Yes | E12: Yes | F12: 0 | H12: Healthy | I12: MySQL | J12: Low
A13: 46224 | B13: 192.168.35.46 | C13: nickeldbdr | D13: Yes | E13: Yes | F13: 0 | H13: Healthy | I13: MySQL | J13: Low
... A32: 46234 | B32: 192.168.35.46 | C32: nickeldbdr | D32: Yes | E32: Yes | F32: 0 | H32: Healthy | I32: MySQL | J32: Low

Sheet Backup & Recovery
A1: Record Type | B1: Database | C1: Backup Date | D1: Instance | E1: Backup Type | F1: Backup File / Reference | G1: Start Time | H1: End Time | I1: Duration (hrs) | J1: Outcome | K1: Location | L1: Verified | M1: Restore Tested | N1: Compression | O1: Tested By | P1: Comments
A2: Backup | B2: MySQL | C2: 46204 | D2: nickledbnew | E2: Incremental | F2: nickeldb_2026-07-01_20-59-02_inc.tar.gz | G2: 0.8743287 | H2: 0.875 | I2: 0.0161 | J2: Success | K2: /nfsdata/backup/incremental/nickeldb_2026-07-01_20-59-02_inc.tar.gz | L2: Yes | M2: No | N2: Yes
A3: Backup | B3: MySQL | C3: 46205 | D3: nickledbnew | E3: Incremental | F3: nickeldb_2026-07-02_20-59-01_inc.tar.gz | G3: 0.87431713 | H3: 0.87452546 | I3: 0.005 | J3: Success | K3: /nfsdata/backup/incremental/nickeldb_2026-07-02_20-59-01_inc.tar.gz | L3: Yes | M3: No | N3: Yes
A4: Backup | B4: MySQL | C4: 46207 | D4: nickledbnew | E4: Full | F4: nickeldb_2026-07-04_20-59-01_full.sql.gz | G4: 0.87431713 | H4: 0.89037037 | I4: 0.3853 | J4: Success | K4: /nfsdata/backup/full/nickeldb_2026-07-04_20-59-01_full.sql.gz | L4: Yes | M4: No | N4: Yes
A5: Backup | B5: MySQL | C5: 46208 | D5: nickledbnew | E5: Incremental | F5: nickeldb_2026-07-05_20-59-01_inc.tar.gz | G5: 0.87431713 | H5: 0.87451389 | I5: 0.0047 | J5: Success | K5: /nfsdata/backup/incremental/nickeldb_2026-07-05_20-59-01_inc.tar.gz | L5: Yes | M5: No | N5: Yes
A6: Backup | B6: MySQL | C6: 46209 | D6: nickledbnew | E6: Incremental | F6: nickeldb_2026-07-06_20-59-01_inc.tar.gz | G6: 0.87431713 | H6: 0.87462963 | I6: 0.0075 | J6: Success | K6: /nfsdata/backup/incremental/nickeldb_2026-07-06_20-59-01_inc.tar.gz | L6: Yes | M6: No | N6: Yes
A7: Backup | B7: MySQL | C7: 46210 | D7: nickledbnew | E7: Incremental | F7: nickeldb_2026-07-07_20-59-01_inc.tar.gz | G7: 0.8743287 | H7: 0.87510417 | I7: 0.0186 | J7: Success | K7: /nfsdata/backup/incremental/nickeldb_2026-07-07_20-59-01_inc.tar.gz | L7: Yes | M7: No | N7: Yes
A8: Backup | B8: MySQL | C8: 46211 | D8: nickledbnew | E8: Incremental | F8: nickeldb_2026-07-08_20-59-01_inc.tar.gz | G8: 0.8743287 | H8: 0.87994213 | I8: 0.1347 | J8: Success | K8: /nfsdata/backup/incremental/nickeldb_2026-07-08_20-59-01_inc.tar.gz | L8: Yes | M8: No | N8: Yes
A9: Backup | B9: MySQL | C9: 46212 | D9: nickledbnew | E9: Incremental | F9: nickeldb_2026-07-09_20-59-01_inc.tar.gz | G9: 0.87431713 | H9: 0.87471065 | I9: 0.0094 | J9: Success | K9: /nfsdata/backup/incremental/nickeldb_2026-07-09_20-59-01_inc.tar.gz | L9: Yes | M9: No | N9: Yes
A10: Backup | B10: MySQL | C10: 46213 | D10: nickledbnew | E10: Incremental | F10: nickeldb_2026-07-10_20-59-01_inc.tar.gz | G10: 0.87431713 | H10: 0.87450231 | I10: 0.0044 | J10: Success | K10: /nfsdata/backup/incremental/nickeldb_2026-07-10_20-59-01_inc.tar.gz | L10: Yes | M10: No | N10: Yes
A11: Backup | B11: MySQL | C11: 46214 | D11: nickledbnew | E11: Full | F11: nickeldb_2026-07-11_20-59-01_full.sql.gz | G11: 0.87431713 | H11: 0.89388889 | I11: 0.4697 | J11: Success | K11: /nfsdata/backup/full/nickeldb_2026-07-11_20-59-01_full.sql.gz | L11: Yes | M11: No | N11: Yes
A12: Backup | B12: MySQL | C12: 46215 | D12: nickledbnew | E12: Incremental | F12: nickeldb_2026-07-12_20-59-01_inc.tar.gz | G12: 0.87431713 | H12: 0.87451389 | I12: 0.0047 | J12: Success | K12: /nfsdata/backup/incremental/nickeldb_2026-07-12_20-59-01_inc.tar.gz | L12: Yes | M12: No | N12: Yes
A13: Backup | B13: MySQL | C13: 46216 | D13: nickledbnew | E13: Incremental | F13: nickeldb_2026-07-13_20-59-01_inc.tar.gz | G13: 0.87431713 | H13: 0.87452546 | I13: 0.005 | J13: Success | K13: /nfsdata/backup/incremental/nickeldb_2026-07-13_20-59-01_inc.tar.gz | L13: Yes | M13: No | N13: Yes
... A40: Backup | B40: MySQL | C40: 46236 | D40: nickledbnew | E40: Incremental | F40: nickeldb_2026-08-02_20-59-01_inc.tar.gz | G40: 0.74931713 | H40: 0.74956019 | I40: 0.0058 | J40: Success | K40: /nfsdata/backup/incremental/nickeldb_2026-08-02_20-59-01_inc.tar.gz | L40: Yes | M40: No | N40: Yes

Sheet Server Health
A1: Check Date | B1: Server | C1: CPU % | D1: Memory % | E1: Disk % | F1: Tablespace % | G1: Connections | H1: Slow Queries | I1: Threads | J1: Health Status | K1: Database
A2: 46237 | B2: nickledbnew | C2: 15.6 | D2: 90.57 | E2: 20 | F2: 20 | G2: 36 | H2: 33987 | I2: 3 | J2: Critical | K2: MySQL
A3: 46237 | B3: nmsinfra.nms.go.ug (DB) | C3: 8.4 | D3: 35.15 | E3: 20 | F3: 0 | G3: 10 | H3: 0 | I3: 40 | J3: Healthy | K3: Oracle
A4: 46237 | B4: nmsebs.nms.go.ug (APP) | C4: 0.53 | D4: 19.81 | E4: 20 | F4: 0 | G4: 10 | H4: 0 | I4: 40 | J4: Healthy | K4: Oracle
A5: 46236 | B5: nickledbnew | C5: 16.9 | D5: 89.15 | E5: 20 | F5: 20 | G5: 35 | H5: 32006 | I5: 4 | J5: Warning | K5: MySQL
A6: 46236 | B6: nmsinfra.nms.go.ug (DB) | C6: 7.86 | D6: 34.9 | E6: 20 | F6: 0 | G6: 10 | H6: 0 | I6: 40 | J6: Healthy | K6: Oracle
A7: 46236 | B7: nmsebs.nms.go.ug (APP) | C7: 0.71 | D7: 19.79 | E7: 20 | F7: 0 | G7: 10 | H7: 0 | I7: 40 | J7: Healthy | K7: Oracle
A8: 46236 | B8: MS SQL Server | C8: 5 | D8: 35.81 | E8: 21.59 | F8: 0 | G8: 5 | H8: 0 | I8: 72 | J8: Healthy | K8: MS SQL Server
A9: 46235 | B9: nickledbnew | C9: 36 | D9: 46.07 | E9: 20 | F9: 20 | G9: 30 | H9: 27403 | I9: 4 | J9: Healthy | K9: MySQL
A10: 46235 | B10: nmsinfra.nms.go.ug (DB) | C10: 15.66 | D10: 35.7 | E10: 20 | F10: 0 | G10: 10 | H10: 0 | I10: 40 | J10: Healthy | K10: Oracle
A11: 46235 | B11: nmsebs.nms.go.ug (APP) | C11: 0.61 | D11: 20.08 | E11: 20 | F11: 0 | G11: 10 | H11: 0 | I11: 40 | J11: Healthy | K11: Oracle
A12: 46235 | B12: MS SQL Server | C12: 2 | D12: 35.66 | E12: 21.57 | F12: 0 | G12: 5 | H12: 0 | I12: 72 | J12: Healthy | K12: MS SQL Server
A13: 46234 | B13: nickledbnew | C13: 17.8 | D13: 44.82 | E13: 20 | F13: 20 | G13: 37 | H13: 25134 | I13: 4 | J13: Healthy | K13: MySQL
... A487: 46203 | B487: nmsebs.nms.go.ug (APP) | C487: -1.46 | D487: 21.04 | E487: 20 | F487: 0 | G487: 10 | H487: 0 | I487: 40 | J487: Healthy | K487: Oracle

Sheet Availability Calculator
A1: Month-Year | B1: Database | C1: Target Hours | D1: Hours Achieved | E1: Planned Downtime (hrs) | F1: Unplanned Downtime (hrs) | G1: Availability % | H1: SLA % | I1: SLA Status
A2: 2026-07 | B2: PostgreSQL | C2: 198 | D2: 198 | E2: 0 | F2: 0 | G2: 100 | H2: 99.95 | I2: Met
A3: 2026-07 | B3: MS SQL Server | C3: 198 | D3: 198 | E3: 0 | F3: 0 | G3: 100 | H3: 99.95 | I3: Met
A4: 2026-07 | B4: Oracle | C4: 540 | D4: 540 | E4: 0.0846 | F4: 0 | G4: 100 | H4: 99.95 | I4: Met
A5: 2026-07 | B5: MySQL | C5: 198 | D5: 197.95 | E5: 0 | F5: 0.05 | G5: 99.9747 | H5: 99.95 | I5: Met
A6: 2026-08 | B6: PostgreSQL | C6: 189 | D6: 189 | E6: 0 | F6: 0 | G6: 100 | H6: 99.95 | I6: Met
A7: 2026-08 | B7: MS SQL Server | C7: 189 | D7: 189 | E7: 0 | F7: 0 | G7: 100 | H7: 99.95 | I7: Met
A8: 2026-08 | B8: Oracle | C8: 558 | D8: 558 | E8: 0 | F8: 0 | G8: 100 | H8: 99.95 | I8: Met
A9: 2026-08 | B9: MySQL | C9: 189 | D9: 189 | E9: 0 | F9: 0 | G9: 100 | H9: 99.95 | I9: Met

Sheet Maintenance Register
A1: Date | B1: Change ID | C1: Activity | D1: Start | E1: End | F1: Duration (hrs) | G1: Risk | H1: Rollback Plan | I1: Approved By | J1: Success | K1: Database
A2: 46218 | B2: T-260715-1838 | C2: Planned Incident Outage: AUTO-LOGGED: Oracle Database outage detected by OEM._x000D_ _x000D_ DBA Summary: [CRITICAL OUTAGE - SERVICE DOWN]_x000D_ Oracle Enterprise Manager (OEM) registered a 'Agent Down' event for the target 'INFRA_nmsinfra.nms.go.ug'._x000D_ The service was offline during this period. | D2: 0.7765625 | E2: 0.78627315 | F2: 0 | G2: Medium | H2: Awaiting DBA input. | I2: System Administration | J2: Yes | K2: Oracle
A3: 46218 | B3: T-260715-1836 | C3: Planned Incident Outage: AUTO-LOGGED: EBS Application Server Host outage detected by OEM._x000D_ _x000D_ DBA Summary: [CRITICAL OUTAGE - SERVICE DOWN]_x000D_ Oracle Enterprise Manager (OEM) registered a 'Agent Down' event for the target 'nmsebs.nms.go.ug'._x000D_ The service was offline during this period. | D3: 0.77552083 | E3: 0.78672454 | F3: 0 | G3: Medium | H3: Awaiting DBA input. | I3: System Administration | J3: Yes | K3: Oracle
A4: 46233 | B4: AUTO-SELF-HEAL-260730-1849 | C4: Planned Incident Outage: AUTO-LOGGED: Oracle Database outage detected by OEM._x000D_ _x000D_ DBA Summary: [CRITICAL OUTAGE - SERVICE DOWN]_x000D_ Oracle Enterprise Manager (OEM) registered a 'Target Down' event for the target 'INFRA_nmsinfra.nms.go.ug'._x000D_ The service was offline during this period. | D4: 0.65918981 | E4: 0.66052083 | F4: 0.0319 | G4: Medium | H4: Awaiting DBA input. | I4: DBA Team | J4: Yes | K4: Oracle
A5: 46233 | B5: AUTO-SELF-HEAL-260730-1848 | C5: Planned Incident Outage: AUTO-LOGGED: Oracle Database outage detected by OEM._x000D_ _x000D_ DBA Summary: [CRITICAL OUTAGE - SERVICE DOWN]_x000D_ Oracle Enterprise Manager (OEM) registered a 'Agent Down' event for the target 'INFRA_nmsinfra.nms.go.ug'._x000D_ The service was offline during this period. | D5: 0.65835648 | E5: 0.65918981 | F5: 0.02 | G5: Medium | H5: Awaiting DBA input. | I5: DBA Team | J5: Yes | K5: Oracle
A6: 46233 | B6: AUTO-SELF-HEAL-260730-1846 | C6: Planned Incident Outage: AUTO-LOGGED: Oracle Database outage detected by OEM._x000D_ _x000D_ DBA Summary: [CRITICAL OUTAGE - SERVICE DOWN]_x000D_ Oracle Enterprise Manager (OEM) registered a 'Target Down' event for the target 'INFRA_nmsinfra.nms.go.ug'._x000D_ The service was offline during this period. | D6: 0.65733796 | E6: 0.65835648 | F6: 0.0244 | G6: Medium | H6: Awaiting DBA input. | I6: DBA Team | J6: Yes | K6: Oracle
A7: 46233 | B7: AUTO-SELF-HEAL-260730-1845 | C7: Planned Incident Outage: AUTO-LOGGED: EBS Application Server Host outage detected by OEM._x000D_ _x000D_ DBA Summary: [CRITICAL OUTAGE - SERVICE DOWN]_x000D_ Oracle Enterprise Manager (OEM) registered a 'Agent Down' event for the target 'nmsebs.nms.go.ug'._x000D_ The service was offline during this period. | D7: 0.6566088 | E7: 0.65695602 | F7: 0.0083 | G7: Medium | H7: Awaiting DBA input. | I7: DBA Team | J7: Yes | K7: Oracle

Sheet Capacity Planning
A1: Month-Year | B1: Database Size (GB) | C1: Disk Used % | D1: Tablespace Used % | E1: Available (GB) | F1: Largest Table | G1: Growth (GB) | H1: Database
A2: 2026-07 | B2: 39.86 | C2: 20 | D2: 20.00 | E2: 0 | F2: note | G2: 0 | H2: MySQL
A3: 2026-07 | B3: 1.51 | C3: 21.55 | D3: N/A | E3: 114.5 | F3: ObjectBinary | G3: 0 | H3: MS SQL Server
A4: 2026-07 | B4: 110.43 | C4: 20 | D4: 37.84 | E4: 68.64 | F4: SYS_AUDIT / DATA_TABLE | G4: 0 | H4: Oracle
A5: 2026-07 | B5: 110.43 | C5: 20 | D5: 37.21 | E5: 69.34 | F5: SYS_AUDIT / DATA_TABLE | G5: 0 | H5: Oracle
A6: 2026-08 | B6: 110.43 | C6: 20 | D6: 37.34 | E6: 69.19 | F6: SYS_AUDIT / DATA_TABLE | G6: 0 | H6: Oracle
A7: 2026-08 | B7: 40.6 | C7: 20 | D7: 20.00 | E7: 0 | F7: note | G7: 0.74 | H7: MySQL
A8: 2026-08 | B8: 1.51 | C8: 21.57 | D8: N/A | E8: 114.47 | F8: ObjectBinary | G8: 0 | H8: MS SQL Server
A9: 2026-08 | B9: 110.43 | C9: 20 | D9: 37.25 | E9: 69.29 | F9: SYS_AUDIT / DATA_TABLE | G9: 0 | H9: Oracle
A10: 2026-08 | B10: 110.43 | C10: 20 | D10: 37.14 | E10: 69.42 | F10: SYS_AUDIT / DATA_TABLE | G10: 99.76 | H10: Oracle
